style,sexuality
Dismissing,Hetero
Dismissing,Hetero
Dismissing,Hetero
Dismissing,Hetero
Dismissing,Hetero
Dismissing,Hetero
Dismissing,Hetero
Dismissing,Hetero
Dismissing,Hetero
Dismissing,Hetero
Dismissing,Hetero
Dismissing,Hetero
Dismissing,Hetero
Dismissing,Hetero
Dismissing,Hetero
Dismissing,Hetero
Dismissing,Hetero
Dismissing,Hetero
Dismissing,Hetero
Dismissing,Hetero
Dismissing,Hetero
Dismissing,Hetero
Dismissing,Hetero
Dismissing,Hetero
Dismissing,Hetero
Dismissing,Hetero
Dismissing,Hetero
Dismissing,Homo
Dismissing,Homo
Dismissing,Homo
Dismissing,Homo
Dismissing,Homo
Dismissing,Homo
Dismissing,Homo
Dismissing,Homo
Dismissing,Homo
Dismissing,Homo
Dismissing,Homo
Dismissing,Homo
Dismissing,Homo
Dismissing,Homo
Dismissing,Homo
Dismissing,Homo
Dismissing,Homo
Dismissing,Homo
Dismissing,Homo
Dismissing,Homo
Dismissing,Homo
Dismissing,Homo
Dismissing,Homo
Dismissing,Homo
Dismissing,Homo
Dismissing,Homo
Dismissing,Homo
Dismissing,Homo
Dismissing,Homo
Dismissing,Homo
Dismissing,Homo
Dismissing,Homo
Dismissing,Homo
Dismissing,Homo
Dismissing,Homo
Dismissing,Homo
Dismissing,Homo
Dismissing,Homo
Dismissing,Homo
Dismissing,Homo
Dismissing,Homo
Fearful,Hetero
Fearful,Hetero
Fearful,Hetero
Fearful,Hetero
Fearful,Hetero
Fearful,Hetero
Fearful,Hetero
Fearful,Hetero
Fearful,Hetero
Fearful,Hetero
Fearful,Hetero
Fearful,Hetero
Fearful,Hetero
Fearful,Hetero
Fearful,Hetero
Fearful,Hetero
Fearful,Hetero
Fearful,Hetero
Fearful,Hetero
Fearful,Hetero
Fearful,Hetero
Fearful,Hetero
Fearful,Hetero
Fearful,Hetero
Fearful,Hetero
Fearful,Hetero
Fearful,Hetero
Fearful,Hetero
Fearful,Hetero
Fearful,Hetero
Fearful,Hetero
Fearful,Hetero
Fearful,Hetero
Fearful,Hetero
Fearful,Homo
Fearful,Homo
Fearful,Homo
Fearful,Homo
Fearful,Homo
Fearful,Homo
Fearful,Homo
Fearful,Homo
Fearful,Homo
Fearful,Homo
Fearful,Homo
Fearful,Homo
Fearful,Homo
Fearful,Homo
Fearful,Homo
Fearful,Homo
Fearful,Homo
Fearful,Homo
Fearful,Homo
Fearful,Homo
Fearful,Homo
Fearful,Homo
Fearful,Homo
Fearful,Homo
Fearful,Homo
Fearful,Homo
Fearful,Homo
Fearful,Homo
Fearful,Homo
Fearful,Homo
Fearful,Homo
Fearful,Homo
Fearful,Homo
Fearful,Homo
Fearful,Homo
Fearful,Homo
Fearful,Homo
Fearful,Homo
Fearful,Homo
Fearful,Homo
Fearful,Homo
Preoccupied,Hetero
Preoccupied,Hetero
Preoccupied,Hetero
Preoccupied,Hetero
Preoccupied,Hetero
Preoccupied,Hetero
Preoccupied,Hetero
Preoccupied,Hetero
Preoccupied,Hetero
Preoccupied,Hetero
Preoccupied,Hetero
Preoccupied,Hetero
Preoccupied,Hetero
Preoccupied,Hetero
Preoccupied,Hetero
Preoccupied,Hetero
Preoccupied,Hetero
Preoccupied,Hetero
Preoccupied,Hetero
Preoccupied,Hetero
Preoccupied,Hetero
Preoccupied,Homo
Preoccupied,Homo
Preoccupied,Homo
Preoccupied,Homo
Preoccupied,Homo
Preoccupied,Homo
Preoccupied,Homo
Preoccupied,Homo
Preoccupied,Homo
Preoccupied,Homo
Preoccupied,Homo
Preoccupied,Homo
Preoccupied,Homo
Preoccupied,Homo
Preoccupied,Homo
Preoccupied,Homo
Preoccupied,Homo
Preoccupied,Homo
Preoccupied,Homo
Preoccupied,Homo
Preoccupied,Homo
Preoccupied,Homo
Preoccupied,Homo
Preoccupied,Homo
Preoccupied,Homo
Preoccupied,Homo
Preoccupied,Homo
Preoccupied,Homo
Secure,Hetero
Secure,Hetero
Secure,Hetero
Secure,Hetero
Secure,Hetero
Secure,Hetero
Secure,Hetero
Secure,Hetero
Secure,Hetero
Secure,Hetero
Secure,Hetero
Secure,Hetero
Secure,Hetero
Secure,Hetero
Secure,Hetero
Secure,Hetero
Secure,Hetero
Secure,Hetero
Secure,Hetero
Secure,Hetero
Secure,Hetero
Secure,Hetero
Secure,Hetero
Secure,Hetero
Secure,Hetero
Secure,Hetero
Secure,Hetero
Secure,Hetero
Secure,Hetero
Secure,Hetero
Secure,Hetero
Secure,Hetero
Secure,Hetero
Secure,Hetero
Secure,Hetero
Secure,Hetero
Secure,Hetero
Secure,Hetero
Secure,Hetero
Secure,Hetero
Secure,Hetero
Secure,Hetero
Secure,Hetero
Secure,Hetero
Secure,Hetero
Secure,Hetero
Secure,Hetero
Secure,Hetero
Secure,Hetero
Secure,Hetero
Secure,Hetero
Secure,Hetero
Secure,Hetero
Secure,Hetero
Secure,Hetero
Secure,Hetero
Secure,Hetero
Secure,Hetero
Secure,Hetero
Secure,Hetero
Secure,Hetero
Secure,Hetero
Secure,Hetero
Secure,Hetero
Secure,Hetero
Secure,Hetero
Secure,Hetero
Secure,Hetero
Secure,Homo
Secure,Homo
Secure,Homo
Secure,Homo
Secure,Homo
Secure,Homo
Secure,Homo
Secure,Homo
Secure,Homo
Secure,Homo
Secure,Homo
Secure,Homo
Secure,Homo
Secure,Homo
Secure,Homo
Secure,Homo
Secure,Homo
Secure,Homo
Secure,Homo
Secure,Homo
Secure,Homo
Secure,Homo
Secure,Homo
Secure,Homo
Secure,Homo
Secure,Homo
Secure,Homo
Secure,Homo
Secure,Homo
Secure,Homo
Secure,Homo
Secure,Homo
Secure,Homo
Secure,Homo
Secure,Homo
Secure,Homo
Secure,Homo
Secure,Homo
Secure,Homo
Secure,Homo
Secure,Homo
Secure,Homo
Secure,Homo
Secure,Homo
Secure,Homo
Secure,Homo
Secure,Homo
Secure,Homo
Secure,Homo
Secure,Homo
Secure,Homo
Secure,Homo
Secure,Homo
Secure,Homo
Secure,Homo
Secure,Homo
Secure,Homo
Secure,Homo
Secure,Homo
Secure,Homo
Secure,Homo
Secure,Homo
Secure,Homo
Secure,Homo
Secure,Homo
Secure,Homo
Secure,Homo
