ID,Dep1,Dep2,Dep3,Dep4,Dep5,Dep6,Errat1,Errat2,Errat3,Errat4,CP1,CP2,CP3,CP4,CP5,CP6
1,4,4,4,5,4,4,4,3,3,3,4,2,4,4,3,3
2,3,3,4,4,4,4,4,5,4,3,4,2,5,4,4,4
3,4,3,3,3,3,3,3,4,4,3,4,3,4,3,4,2
4,2,3,3,2,3,3,4,4,3,3,3,2,4,3,3,2
5,3,2,3,3,2,3,4,3,3,3,3,3,3,4,3,3
6,2,2,2,3,2,3,3,3,3,3,2,2,2,2,2,2
7,4,5,3,3,3,4,2,3,2,3,3,3,4,3,3,4
8,2,2,3,3,3,3,2,3,2,3,3,3,3,3,4,3
9,4,3,3,2,3,4,4,2,5,5,4,3,4,4,4,4
10,3,2,2,3,2,2,3,2,4,3,3,3,4,4,4,3
11,3,2,3,2,3,4,3,1,1,2,3,3,2,3,2,3
12,4,5,5,4,4,4,4,3,3,3,5,3,4,5,4,3
13,2,3,2,3,3,3,3,3,3,4,3,3,3,4,3,3
14,4,3,2,3,3,4,3,4,4,3,4,3,4,4,2,4
15,4,4,4,4,4,4,4,3,4,4,3,3,3,4,4,3
16,3,2,3,3,3,4,3,4,4,3,4,2,3,3,2,3
17,4,3,3,3,3,4,4,2,3,4,3,3,3,4,3,4
18,3,2,2,3,3,3,4,4,3,4,5,4,4,5,5,3
19,5,4,4,5,4,4,4,3,3,4,4,4,5,4,4,4
20,2,3,2,3,2,2,2,3,4,3,3,3,3,4,3,4
21,3,3,3,2,3,3,4,3,3,4,4,2,3,4,4,4
22,5,3,4,3,3,4,4,4,4,4,4,3,4,5,4,3
23,3,4,3,2,2,4,5,4,4,4,4,4,4,4,4,3
24,4,3,5,4,4,4,3,3,3,3,4,3,2,4,3,4
25,2,4,2,2,3,3,4,4,3,3,3,2,4,4,3,3
26,3,3,4,4,4,3,3,4,3,4,3,2,3,4,3,3
27,2,3,4,3,3,3,3,5,3,3,3,2,3,4,3,3
28,4,3,3,2,4,3,3,3,3,3,3,3,4,2,3,4
29,3,3,5,4,5,4,3,4,4,4,5,3,5,5,4,3
30,3,3,2,4,3,4,5,4,5,5,4,2,3,4,4,3
31,3,3,3,3,3,4,4,4,4,4,4,3,4,4,4,3
32,2,3,2,2,2,2,3,1,3,3,3,3,3,4,3,3
33,4,3,5,4,4,4,4,3,3,3,3,3,4,4,3,4
34,3,4,3,4,3,3,3,3,3,3,4,3,3,2,4,3
35,2,2,1,1,1,2,2,2,2,3,2,2,1,2,2,2
36,2,3,3,2,2,3,4,3,5,4,4,5,5,5,4,4
37,3,3,3,3,3,2,3,2,3,3,2,2,2,3,2,2
38,3,4,4,2,3,4,4,4,3,4,2,3,3,4,4,4
39,3,3,4,4,3,3,4,4,3,4,3,2,4,3,3,2
40,4,3,4,4,4,4,4,2,2,2,4,3,3,3,3,4
41,3,4,5,4,4,4,3,4,3,4,3,3,3,3,4,4
42,4,5,4,3,4,4,4,3,3,3,3,4,3,3,3,2
43,3,2,3,3,3,3,3,4,4,4,5,4,5,5,5,4
44,3,4,2,3,3,3,3,3,3,3,2,2,3,2,4,3
45,3,3,2,4,3,3,5,4,4,5,3,3,3,4,3,4
46,3,3,1,1,2,3,2,3,3,2,2,2,3,2,3,2
47,3,3,4,4,4,4,4,4,3,4,4,3,4,4,4,4
48,4,4,4,4,4,5,4,3,3,5,4,4,4,5,4,4
49,1,3,3,1,3,3,3,3,4,4,2,3,4,4,4,2
50,2,2,2,2,3,2,3,3,3,3,2,2,2,2,4,2
51,3,4,3,3,3,4,4,4,4,4,4,3,4,4,4,4
52,2,2,1,2,2,3,3,2,3,1,3,2,3,2,3,3
53,2,1,2,2,2,3,3,4,3,3,2,2,3,3,3,2
54,4,3,2,3,2,4,4,4,3,4,4,4,3,3,5,4
55,5,5,4,4,4,4,4,5,4,4,4,4,4,4,4,3
56,2,2,3,3,2,3,2,2,3,3,2,2,1,3,2,2
57,4,3,3,2,2,4,3,4,3,3,2,3,2,3,3,3
58,4,3,3,4,3,4,4,3,3,4,3,3,4,3,4,4
59,1,2,1,3,1,2,4,3,4,2,3,2,4,3,2,3
60,1,3,4,3,2,2,1,3,3,3,2,3,2,3,3,3
61,2,3,3,3,3,2,2,2,2,2,3,2,2,3,3,2
62,4,3,4,4,4,5,3,4,3,4,4,3,4,4,5,4
63,2,4,3,4,3,3,2,3,3,4,2,2,3,3,2,3
64,2,3,2,2,2,3,3,3,3,4,2,2,2,2,3,2
65,2,2,3,2,3,3,3,3,2,3,2,2,2,4,3,3
66,3,2,3,4,3,3,1,3,3,3,3,3,3,3,2,2
67,3,2,1,1,2,3,3,2,3,3,2,2,2,2,3,1
68,3,3,3,3,3,3,3,4,4,3,2,3,3,4,3,3
69,4,3,4,3,3,4,5,4,3,5,4,5,4,5,5,4
70,2,3,2,2,3,3,3,4,4,2,4,2,2,3,4,4
71,3,2,4,3,3,3,3,4,4,4,3,3,4,4,4,3
72,4,4,4,3,4,5,4,3,3,4,3,3,5,4,4,4
73,3,3,2,3,3,3,2,2,2,3,4,4,4,4,2,3
74,3,4,4,3,4,4,5,4,3,5,4,2,3,4,4,4
75,3,3,3,2,3,3,4,3,3,2,4,4,3,3,3,3
76,5,5,5,5,4,5,4,3,2,4,4,4,4,3,3,3
77,3,3,5,3,4,4,3,3,3,3,4,2,3,4,3,2
78,3,3,3,3,4,3,3,5,4,5,2,4,3,4,5,3
79,3,3,2,3,2,3,3,4,2,2,3,2,2,2,2,2
80,2,3,2,1,2,3,3,3,3,3,3,3,3,4,3,3
81,3,3,4,4,4,4,4,3,3,4,3,3,3,3,3,3
82,4,4,4,3,4,4,5,3,3,4,3,3,3,4,3,3
83,2,2,2,2,2,3,2,2,4,4,3,3,4,4,4,4
84,3,3,4,3,3,4,3,3,3,4,3,3,3,4,3,3
85,3,3,3,3,3,3,2,2,2,3,3,3,3,3,2,3
86,2,3,2,2,2,4,4,4,3,4,3,4,4,3,3,3
87,3,3,5,4,5,5,5,4,4,4,4,3,2,4,4,3
88,3,3,3,2,3,3,3,4,3,2,2,3,3,3,3,1
89,3,2,4,3,4,3,2,3,3,2,3,3,3,3,3,3
90,4,5,5,3,4,5,3,3,3,3,4,3,4,4,3,3
91,2,2,3,2,3,3,4,5,3,3,3,3,3,3,3,2
92,1,3,3,4,3,3,3,2,3,3,3,3,4,4,4,3
93,3,4,4,4,4,4,3,2,3,3,3,2,3,3,3,2
94,5,3,5,3,4,4,2,4,3,3,4,3,3,4,4,3
95,4,3,5,3,4,4,4,3,4,4,4,4,5,4,4,5
96,1,2,2,2,2,2,3,4,3,4,3,4,3,3,3,3
97,3,4,3,3,3,4,3,3,5,4,4,2,3,3,4,4
98,4,3,4,5,4,4,3,4,3,3,3,3,3,4,4,3
99,3,4,4,3,4,4,4,5,4,4,3,3,3,4,3,3
100,3,3,4,3,3,4,3,3,3,3,3,3,3,3,4,3
101,3,4,4,3,3,3,3,3,2,3,2,3,2,3,3,3
102,3,2,1,2,1,3,2,2,3,2,2,2,2,2,3,2
103,3,4,3,4,4,3,4,5,3,4,4,3,3,5,4,4
104,2,2,2,1,1,2,4,3,3,4,4,3,3,3,4,4
105,2,2,1,2,1,2,2,4,2,4,4,3,4,3,3,4
106,2,3,3,3,3,3,3,4,4,4,4,3,3,4,3,4
107,3,2,3,3,3,3,3,3,3,2,4,2,3,3,3,3
108,2,3,2,3,2,3,3,4,2,3,3,3,3,2,3,3
109,4,4,5,2,4,4,2,3,2,2,3,3,3,2,2,2
110,3,2,3,2,3,3,3,3,3,4,3,2,2,1,2,2
111,3,3,4,4,3,4,4,3,3,4,4,4,4,4,4,4
112,3,3,3,4,3,4,3,3,3,3,4,3,3,3,4,3
113,3,3,3,2,3,3,4,3,4,3,3,3,3,3,3,2
114,4,3,4,4,3,4,2,3,4,5,4,3,3,4,4,2
115,3,2,2,3,3,3,3,3,3,4,2,2,2,3,3,2
116,3,3,4,4,4,4,3,3,4,3,3,2,3,3,3,3
117,2,2,1,2,2,2,2,1,3,2,2,3,2,4,3,2
118,3,4,2,3,2,3,4,3,4,3,3,3,3,3,2,3
119,4,3,2,3,3,3,3,2,2,3,3,2,2,2,3,3
120,3,4,4,3,4,3,4,3,3,3,2,2,3,1,3,1
121,4,4,2,3,3,4,4,5,4,3,4,3,3,3,3,4
122,2,3,3,3,2,3,3,3,2,3,2,2,4,3,3,1
123,5,4,4,3,3,5,3,3,4,4,3,2,3,3,4,3
124,3,4,3,2,3,4,3,5,3,4,3,3,4,4,4,4
125,2,3,2,2,2,3,4,4,4,4,3,4,3,4,4,4
126,3,4,4,4,4,3,3,3,3,3,3,3,3,3,3,3
127,2,3,2,2,2,3,3,3,3,3,3,2,2,3,3,2
128,3,3,3,2,3,4,4,3,4,5,3,4,5,4,4,4
129,3,2,3,2,3,4,3,4,3,4,4,3,2,3,3,3
130,3,3,2,3,2,2,2,3,2,2,3,3,2,4,2,2
131,2,2,2,3,3,2,2,3,3,2,2,3,4,3,3,3
132,2,4,4,2,3,3,4,3,3,3,3,3,3,4,3,3
133,2,3,5,3,3,3,2,2,4,3,3,4,3,4,2,3
134,2,3,2,2,2,3,2,4,4,3,4,4,4,5,3,3
135,3,3,3,4,3,3,3,4,4,3,4,2,2,3,3,2
136,4,3,3,3,3,3,4,4,4,3,5,3,5,3,4,3
137,4,3,4,3,4,5,3,4,3,3,3,2,4,4,3,3
138,2,2,4,4,4,3,4,3,2,3,2,2,2,1,2,2
139,3,3,5,4,4,4,4,4,4,5,3,2,5,4,3,3
140,2,2,2,2,3,3,3,4,3,3,3,2,2,3,3,3
141,3,2,3,3,3,3,2,2,2,1,2,2,3,3,2,2
142,3,3,3,3,3,4,2,3,2,2,2,1,1,2,2,1
143,1,3,3,1,3,3,3,2,3,2,4,3,4,3,4,4
144,2,2,3,1,3,3,3,3,3,3,4,4,3,4,4,4
145,4,3,4,3,4,4,3,4,2,4,3,4,4,3,5,3
146,3,4,4,4,4,4,4,4,3,4,3,3,4,5,3,4
147,4,4,5,4,4,4,4,3,4,5,3,3,4,4,4,3
148,4,4,5,4,4,4,4,4,3,3,3,3,4,4,3,4
149,3,2,2,3,2,3,3,3,3,4,3,3,3,3,3,3
150,2,2,2,3,3,2,2,3,3,3,2,2,3,3,2,3
151,4,3,4,4,4,3,4,3,4,4,4,3,4,4,3,4
152,3,4,3,3,3,4,4,5,4,4,4,2,2,3,3,2
153,3,3,3,3,3,3,3,5,4,4,4,3,3,3,4,4
154,2,3,4,2,3,3,3,4,3,3,3,2,3,3,3,1
155,3,3,4,3,4,3,3,5,4,4,3,3,3,3,3,5
156,3,3,4,3,4,4,3,4,3,3,3,3,3,4,3,3
157,1,3,3,4,3,3,2,4,3,3,2,2,3,3,3,4
158,2,3,3,3,3,3,5,4,3,4,4,4,4,5,5,3
159,3,3,2,2,2,4,4,4,3,3,3,3,2,3,3,3
160,3,2,1,3,2,3,2,3,2,2,3,2,3,3,2,3
161,4,4,4,5,4,5,3,4,4,3,3,2,4,4,4,4
162,2,3,2,2,2,3,2,1,2,3,3,3,3,5,4,5
163,3,4,3,4,3,4,4,4,2,5,4,3,4,3,4,3
164,2,3,2,3,2,2,4,3,5,4,3,4,3,3,4,3
165,2,2,3,4,3,3,3,3,2,2,3,1,2,3,3,1
166,3,3,3,4,3,4,3,4,2,3,2,3,3,3,3,3
167,2,3,2,2,2,3,3,3,4,4,2,2,2,2,2,2
168,3,3,2,3,2,2,2,2,3,3,3,3,3,3,3,3
169,3,4,4,4,4,3,3,3,2,2,4,3,3,3,3,4
170,2,3,5,3,4,3,4,3,3,4,3,4,4,4,4,2
171,3,2,4,3,4,3,3,3,3,4,3,3,4,5,3,4
172,4,3,2,4,2,3,2,3,3,3,3,3,5,3,3,4
173,3,3,2,3,3,3,3,4,3,4,3,3,4,4,3,3
174,4,4,3,4,4,5,3,3,3,3,4,4,3,5,4,4
175,4,3,3,4,3,4,2,3,3,2,2,2,3,3,2,2
176,5,5,4,4,4,5,3,4,4,3,4,2,2,4,2,3
177,3,3,2,1,3,4,3,3,4,4,3,3,5,4,4,3
178,2,2,3,3,3,3,2,3,2,2,3,2,3,3,2,2
179,2,2,4,3,4,3,3,1,1,2,2,2,2,1,3,2
180,4,2,3,2,2,3,2,4,4,2,3,2,2,3,2,3
181,2,4,4,3,3,4,3,5,5,3,4,5,5,3,4,5
182,2,3,2,2,2,3,2,3,3,2,3,2,2,2,3,3
183,3,2,3,4,3,3,3,3,3,3,3,2,4,3,4,3
184,2,2,2,3,3,4,3,4,4,5,3,3,3,3,4,2
185,3,4,4,3,4,4,2,4,3,2,4,4,3,3,3,3
186,4,3,5,4,4,5,5,5,4,3,3,3,3,4,3,2
187,2,1,2,2,2,3,3,4,4,4,3,3,3,3,2,2
188,4,3,2,3,3,5,3,5,3,4,3,2,3,2,2,2
189,2,3,3,3,3,3,2,3,3,2,2,2,3,2,2,2
190,4,3,5,4,5,4,4,3,4,3,4,5,5,5,4,3
191,3,2,3,3,3,3,3,4,4,3,4,3,4,4,3,4
192,4,4,4,3,4,4,3,3,4,3,3,3,3,3,3,3
193,2,1,2,1,1,2,3,4,2,3,3,3,2,3,3,3
194,4,5,5,4,5,4,5,3,5,4,4,4,4,4,4,4
195,3,4,4,4,4,4,3,4,4,4,3,3,3,3,3,3
196,2,2,2,2,2,3,2,2,3,2,3,1,3,3,3,3
197,4,3,4,2,4,3,3,4,4,4,4,2,4,4,3,4
198,3,5,4,4,4,5,2,4,3,3,3,3,4,3,3,4
199,4,3,4,2,4,4,3,5,4,4,4,3,4,4,4,4
200,3,5,4,3,4,4,5,3,4,4,3,3,5,3,3,4
201,3,3,4,2,3,2,3,3,4,4,3,3,3,2,3,2
202,2,4,4,2,4,3,4,3,3,2,3,3,4,3,4,4
203,3,3,5,3,4,5,5,5,4,5,5,5,4,4,4,5
204,4,3,5,3,4,4,3,3,4,3,5,3,3,5,3,3
205,2,3,2,2,3,4,2,4,3,3,3,2,4,3,3,3
206,3,2,2,3,2,4,4,4,4,5,3,3,2,2,3,3
207,3,3,3,4,3,3,3,4,4,2,3,2,5,4,4,3
208,2,2,3,3,3,3,3,3,2,2,3,2,3,3,3,3
209,2,3,1,4,2,3,3,4,3,4,3,3,3,3,3,3
210,3,3,3,3,4,3,4,2,4,4,3,3,4,4,5,3
211,2,2,2,2,2,3,2,4,3,3,2,2,2,2,1,2
212,4,2,4,4,4,4,2,2,3,2,2,2,3,2,2,2
213,2,4,3,3,4,3,4,4,2,3,2,3,3,2,3,3
214,3,3,4,3,4,3,3,3,3,2,3,2,3,3,3,3
215,2,3,3,3,2,2,2,4,4,3,3,2,2,3,3,1
216,2,3,3,2,4,3,3,3,2,2,4,2,3,3,4,3
217,1,3,2,3,2,3,1,1,2,3,2,2,2,2,2,3
218,2,3,3,2,4,3,2,3,3,2,3,2,3,3,3,2
219,3,3,4,3,4,3,4,3,3,3,4,3,4,4,3,4
220,3,3,3,2,3,4,5,3,4,4,4,3,4,5,4,4
221,5,4,4,3,4,5,3,4,3,3,3,2,3,2,3,3
222,4,3,3,4,4,4,3,3,3,2,3,2,2,3,3,2
223,2,3,3,2,3,3,2,3,3,3,3,2,4,3,3,3
224,2,2,3,2,4,4,3,2,2,2,4,3,2,3,3,3
225,3,4,5,4,4,4,2,4,3,4,4,4,3,3,3,3
226,3,4,5,5,4,5,4,4,3,4,3,3,3,4,4,3
227,3,4,5,3,4,3,3,2,4,3,3,3,3,4,3,4
228,4,5,4,5,4,4,3,3,3,3,3,5,4,4,4,4
229,3,3,3,3,3,3,2,4,2,3,3,2,3,3,2,2
230,2,2,3,2,3,3,4,5,5,5,4,3,4,4,5,4
231,4,3,3,3,3,4,3,5,3,4,4,3,3,3,3,3
232,3,3,2,2,3,3,2,4,3,3,4,2,3,3,3,2
233,4,4,3,2,3,4,2,3,2,2,4,4,4,4,3,3
234,4,3,4,3,4,5,3,3,3,4,4,3,4,4,3,3
235,2,2,3,2,3,3,3,5,4,3,2,2,2,3,4,2
236,4,4,4,4,4,4,4,3,3,3,5,3,4,4,5,3
237,3,3,3,2,3,2,3,2,3,3,3,2,2,3,2,3
238,1,4,3,3,3,3,3,3,3,2,3,2,3,3,3,3
239,4,2,3,3,3,4,3,4,3,3,3,3,3,4,4,3
240,4,4,4,4,3,4,3,2,2,2,4,3,4,3,4,4
241,3,2,2,3,2,3,3,4,4,3,2,3,3,3,3,4
242,5,4,4,3,4,4,2,3,3,4,3,2,3,2,4,3
243,3,3,5,4,3,4,3,4,4,4,3,3,2,2,3,3
244,2,3,3,3,3,2,3,3,4,2,2,3,3,2,3,2
245,3,3,4,3,3,3,4,4,3,4,4,3,4,4,4,4
246,2,3,3,3,3,3,4,4,3,4,4,3,4,4,4,3
247,2,1,2,2,2,2,1,2,3,2,2,2,2,2,2,3
248,3,2,2,3,2,2,3,3,3,3,3,2,1,3,3,2
249,2,3,4,3,4,3,3,3,2,2,3,3,3,3,3,2
250,3,4,3,3,3,3,3,3,3,5,4,4,3,4,4,4
251,2,2,2,3,2,1,3,3,3,2,3,3,3,4,3,3
252,3,3,3,2,3,2,3,4,3,3,3,2,2,3,3,2
253,2,2,2,2,1,3,4,2,3,3,3,2,3,3,2,3
254,3,3,1,2,2,1,2,2,3,2,2,2,2,2,2,1
255,3,3,1,2,2,2,4,3,3,3,2,3,3,3,3,2
256,2,3,4,2,3,3,2,3,3,3,2,1,3,3,1,2
257,4,4,4,4,4,5,4,3,4,4,4,4,4,4,4,4
258,3,2,3,2,2,3,3,4,3,4,4,3,4,4,3,3
259,2,3,4,2,3,4,3,4,4,3,4,4,3,4,4,3
260,2,4,3,2,3,2,2,3,4,3,3,3,3,3,2,3
261,4,3,3,4,3,4,4,4,3,4,4,3,3,3,4,3
262,2,2,3,2,2,3,2,3,3,2,3,2,1,1,3,3
263,2,1,1,1,1,1,1,3,2,1,1,1,1,1,1,1
264,3,3,3,3,3,3,3,2,3,4,3,3,3,3,4,4
265,2,4,3,2,3,3,2,3,2,3,3,2,2,3,2,2
266,3,4,3,3,3,3,3,3,4,3,3,2,3,3,3,3
267,3,4,4,3,3,3,3,3,4,5,5,4,3,4,4,3
268,2,3,4,3,4,4,2,3,2,2,3,2,3,3,2,2
269,3,3,4,2,4,3,4,3,4,4,4,3,4,4,4,4
270,4,4,4,3,3,5,4,4,3,3,3,4,4,4,3,4
271,5,3,4,4,4,4,3,4,4,3,3,4,4,4,3,3
272,3,4,4,2,3,4,1,2,4,1,3,2,3,2,4,3
273,3,3,3,3,3,3,3,3,3,4,3,2,3,3,3,2
274,5,4,5,3,4,4,2,4,3,3,3,2,4,3,3,3
275,2,2,3,2,3,3,3,3,3,3,2,1,3,3,3,3
276,1,2,2,1,2,3,1,3,2,2,2,3,2,3,2,2
277,3,4,3,3,3,4,4,3,4,2,3,3,3,4,4,4
278,2,2,2,2,2,3,3,4,4,3,3,2,3,4,4,3
279,2,4,3,4,4,4,3,5,3,3,2,2,4,4,3,3
280,4,4,4,2,3,3,3,2,3,4,2,3,3,4,2,3
281,4,3,3,3,4,5,3,4,3,4,4,3,3,4,4,3
282,3,3,4,3,3,4,3,3,5,3,4,3,3,4,2,4
283,1,3,3,3,2,3,3,4,4,3,3,3,2,2,3,4
284,5,3,3,3,2,3,3,3,2,3,4,3,4,4,4,3
285,3,3,2,3,3,3,3,4,3,4,2,3,3,3,3,2
286,2,2,2,3,2,3,3,3,3,3,4,4,4,5,4,4
287,4,3,5,4,4,5,4,4,4,5,4,4,3,4,4,4
288,3,3,3,2,3,3,3,3,4,3,2,3,3,3,3,3
289,3,3,2,2,2,3,3,5,3,3,3,3,4,3,4,3
290,3,3,4,3,3,4,3,3,3,4,3,3,3,4,3,3
291,3,4,5,5,5,5,3,3,3,3,2,3,3,5,5,3
292,4,3,5,3,4,4,2,3,4,4,3,3,4,4,4,4
293,4,5,4,3,3,4,2,3,3,2,3,2,3,3,2,2
294,3,3,2,3,2,3,3,3,2,2,3,2,3,3,3,3
295,3,2,3,2,3,2,2,4,3,3,3,2,2,3,2,1
296,1,2,2,4,2,3,3,4,3,3,2,2,2,3,2,2
297,2,2,3,2,2,2,3,3,3,2,4,2,3,3,3,4
298,2,3,4,3,3,4,2,2,3,2,3,3,3,2,3,3
299,5,3,4,5,4,4,3,3,4,3,3,3,3,4,3,4
300,4,4,2,3,3,3,2,3,3,3,2,2,3,3,2,2
301,4,4,4,1,4,4,3,4,4,4,4,3,4,4,4,4
302,2,2,3,2,3,2,3,4,3,3,2,3,3,3,2,4
303,2,3,1,3,2,3,3,3,2,2,2,3,2,1,3,3
304,2,3,2,1,2,3,2,4,4,3,2,3,3,3,3,3
305,4,3,4,4,4,3,4,4,4,5,4,3,4,4,4,3
306,4,4,4,2,4,4,5,4,5,5,4,3,4,4,4,4
307,3,2,4,3,4,2,3,3,2,2,3,2,2,3,2,3
308,4,3,4,3,4,4,5,4,3,4,4,3,4,3,4,3
309,2,2,2,4,2,3,3,2,3,3,3,3,2,2,3,2
310,2,1,3,2,3,2,3,4,4,4,2,3,3,3,2,2
311,2,3,4,3,4,4,2,5,3,3,3,2,2,2,2,3
312,3,3,2,4,3,4,3,3,4,3,4,3,3,4,3,3
313,3,4,3,4,4,4,2,2,3,3,2,3,3,3,3,3
314,4,3,4,3,4,5,5,4,4,4,3,2,3,4,4,3
315,4,4,4,4,4,3,4,4,5,5,4,4,4,5,4,3
316,2,1,3,3,3,3,3,4,4,3,3,2,2,3,3,3
317,3,2,3,4,3,2,2,5,2,2,4,3,4,3,4,3
318,2,3,2,4,2,4,4,3,4,4,3,2,2,3,2,3
319,3,2,2,3,3,3,4,4,4,3,4,4,4,4,4,3
320,5,4,4,4,4,4,4,3,2,4,5,4,5,5,4,4
321,3,3,1,2,2,2,3,3,3,3,3,3,3,3,3,3
322,3,2,3,4,3,3,3,2,4,3,3,2,3,3,2,3
323,3,3,3,3,2,3,3,3,4,3,4,3,3,3,3,3
324,3,2,3,3,3,5,2,3,3,3,3,2,3,3,2,3
325,4,5,5,4,5,5,4,3,3,4,4,4,4,5,5,4
326,5,4,4,3,4,3,4,3,3,5,3,2,3,4,3,3
327,3,3,3,4,3,4,4,3,5,4,4,3,3,4,4,4
328,2,2,3,3,3,3,3,2,3,3,3,2,3,2,3,3
329,2,3,5,3,4,3,2,3,3,4,4,3,5,3,3,3
330,3,3,4,4,4,4,3,4,3,2,3,3,3,4,3,2
331,4,4,5,3,5,5,4,2,3,2,2,2,3,3,3,2
332,3,3,3,4,2,3,4,4,4,4,3,3,3,3,3,3
333,3,2,2,3,2,3,2,3,2,3,4,2,4,4,3,2
334,3,3,2,4,3,4,2,4,4,3,3,3,3,4,4,3
335,4,4,4,3,4,4,3,3,4,4,3,3,3,4,3,4
336,4,3,2,2,3,3,3,4,3,3,3,2,3,3,3,3
337,2,3,2,3,3,4,3,3,4,3,4,2,4,4,3,2
338,1,1,3,3,3,2,1,3,2,1,2,2,1,2,2,2
339,3,3,4,4,3,4,3,4,4,4,4,4,5,4,4,3
340,2,2,2,2,2,3,3,4,4,4,3,2,3,3,2,3
341,4,3,4,2,4,4,5,5,4,5,4,3,3,4,3,3
342,4,2,4,3,3,4,4,3,3,4,3,2,4,3,2,4
343,3,3,3,4,3,3,3,2,2,3,2,3,3,4,2,3
344,5,4,5,4,4,4,3,3,3,5,4,3,3,5,3,4
345,4,3,4,3,4,4,4,5,4,4,4,4,4,3,3,5
346,4,1,1,3,2,2,1,2,2,1,2,1,2,3,2,2
347,2,2,3,3,3,4,3,3,3,4,4,3,4,5,4,4
348,3,3,2,3,2,1,2,3,3,2,2,3,2,2,2,2
349,3,3,2,3,3,4,4,4,3,3,4,4,3,3,4,3
350,3,2,3,3,3,3,4,5,2,3,3,2,3,4,3,3
351,1,2,2,2,3,3,2,3,3,4,3,3,3,4,3,2
352,4,4,4,3,4,5,4,3,3,4,4,4,4,4,4,4
353,3,3,4,2,4,4,3,3,4,3,3,2,4,4,3,4
354,3,3,3,3,3,3,2,2,3,2,1,1,2,2,1,1
355,3,4,4,4,3,5,4,5,4,4,4,4,4,5,5,3
356,3,3,3,2,2,3,2,4,3,2,3,3,4,3,4,4
357,2,4,2,2,3,3,4,3,3,3,3,3,3,3,3,3
358,3,2,3,3,4,3,2,3,2,3,3,3,2,3,2,2
359,2,2,2,3,2,3,3,1,4,3,3,3,4,3,2,4
360,4,3,4,4,4,3,3,3,3,3,3,4,3,3,2,3
361,3,4,3,4,3,4,4,3,3,4,5,5,5,5,5,5
362,2,2,2,2,2,2,4,4,3,3,3,1,2,2,2,2
363,3,2,3,4,3,3,2,3,3,2,3,2,4,3,4,4
364,4,3,4,3,3,4,3,2,3,3,4,3,3,4,3,2
365,4,4,3,3,4,5,4,3,4,4,4,3,4,4,5,2
366,2,2,2,1,2,2,3,4,2,2,2,2,2,2,1,2
367,2,2,2,3,3,3,2,2,4,2,2,2,3,2,2,2
368,3,3,5,1,4,4,3,3,3,2,4,3,5,3,4,3
369,2,3,2,2,2,4,3,3,2,3,3,3,3,3,2,2
370,3,3,3,3,3,4,3,2,2,3,3,3,3,3,3,2
371,4,3,3,4,3,3,4,4,3,4,3,3,3,4,4,4
372,3,3,4,4,4,3,3,4,4,4,3,5,3,3,4,3
373,2,2,3,4,3,3,3,3,2,3,3,2,2,3,3,2
374,3,5,4,4,3,5,3,4,4,3,4,3,4,4,4,4
375,3,3,2,3,3,3,2,3,1,1,2,1,3,2,3,2
376,2,1,1,2,1,3,2,2,4,3,2,3,2,3,3,2
377,3,2,4,4,4,4,4,4,3,3,3,4,3,5,4,4
378,3,2,2,2,2,3,3,3,3,4,4,3,3,4,3,3
379,2,2,3,3,3,2,2,3,3,2,2,2,3,3,3,2
380,2,3,3,2,3,2,2,3,3,2,4,2,2,3,3,2
381,5,4,4,2,3,3,3,3,4,4,2,3,3,3,4,3
382,2,2,2,2,2,2,2,1,2,3,3,2,2,2,2,1
383,3,2,2,3,3,3,4,4,4,4,3,4,4,4,3,4
384,4,4,4,4,3,4,3,3,4,3,4,4,3,4,3,2
385,4,4,5,5,5,5,3,4,3,2,3,2,4,3,3,3
386,2,3,1,1,2,2,2,3,3,2,3,3,3,3,3,2
387,4,4,3,3,3,5,4,3,4,5,4,3,3,4,4,3
388,1,3,2,3,2,3,4,3,2,5,3,2,3,3,4,3
389,2,3,3,3,2,3,3,4,3,3,3,3,2,3,4,3
390,2,4,2,3,3,3,2,3,3,3,3,1,2,2,2,1
391,3,3,4,4,3,4,4,4,3,3,3,3,3,4,4,3
392,4,4,4,4,4,3,4,3,3,4,3,3,3,2,3,3
393,3,3,3,3,4,4,3,4,3,2,4,4,3,4,4,3
394,4,2,2,4,3,3,4,5,3,3,3,2,2,2,2,2
395,4,4,5,5,4,5,4,4,4,4,3,4,5,5,4,5
396,1,2,1,2,1,1,3,3,2,1,3,2,2,2,3,2
397,3,3,3,2,3,4,2,3,3,2,2,2,2,2,3,2
398,2,3,4,4,4,3,3,3,4,5,3,4,4,4,4,4
399,1,2,1,2,2,1,2,2,1,2,2,2,2,3,2,2
400,2,2,1,3,2,3,2,2,2,2,2,2,3,2,2,3
401,5,2,4,3,4,4,2,4,2,2,2,2,2,2,3,3
402,3,3,4,3,3,4,3,3,2,3,4,2,4,4,4,3
403,3,3,3,2,3,4,3,2,3,3,3,2,2,3,3,3
404,4,2,2,2,3,2,2,3,4,3,3,2,3,2,3,2
405,2,3,4,3,3,2,4,5,4,4,4,3,2,4,4,3
406,4,3,5,3,4,4,3,2,3,3,3,1,2,3,2,3
407,2,3,4,2,3,4,1,2,2,3,3,4,3,3,3,3
408,3,2,2,2,2,3,3,4,3,4,4,3,4,3,4,3
409,2,3,1,2,2,3,3,2,3,2,3,2,3,2,2,3
410,3,3,3,3,3,4,4,3,3,2,3,4,4,4,3,3
411,3,3,3,1,3,3,3,4,4,2,3,3,3,4,3,4
412,2,3,2,3,3,4,3,3,4,3,3,2,3,3,4,2
413,2,3,2,3,2,3,3,4,1,3,3,2,3,3,3,2
414,2,2,3,3,3,4,5,3,4,4,3,3,2,2,2,2
415,2,2,2,3,3,3,3,3,3,3,2,3,3,4,3,3
416,3,3,4,2,4,4,4,4,4,3,5,3,4,5,5,4
417,3,2,2,2,2,2,3,2,2,2,3,2,2,3,4,1
418,5,3,3,3,3,3,4,4,4,4,4,3,4,4,4,4
419,3,3,3,3,3,4,3,2,3,2,2,2,3,3,3,3
420,2,3,3,4,4,4,4,3,4,4,3,4,3,3,3,4
421,2,2,3,2,2,2,2,2,2,2,2,3,2,3,3,3
422,2,2,3,4,3,2,3,3,3,3,3,2,4,3,2,2
423,3,3,3,2,2,3,3,3,3,2,2,3,3,2,2,2
424,3,1,2,2,3,3,2,4,3,2,3,3,4,3,4,2
425,3,3,3,3,3,2,4,4,3,3,3,4,4,3,4,4
426,4,2,3,2,3,5,4,4,3,4,4,3,4,3,4,4
427,2,5,4,4,4,3,4,3,3,3,3,2,4,4,3,3
428,3,2,2,3,2,2,3,3,4,2,3,3,2,2,2,3
429,4,4,4,4,4,5,3,4,3,4,3,3,4,3,4,3
430,3,3,4,2,3,3,4,4,4,4,3,3,3,3,3,3
431,3,3,3,4,3,3,4,4,3,4,4,4,3,3,3,3
432,2,4,2,2,2,3,2,3,2,1,3,2,1,2,2,2
433,1,1,1,3,1,2,3,4,3,4,2,2,3,2,3,2
434,2,3,4,3,2,2,4,3,3,4,4,3,3,4,3,3
435,3,3,3,3,4,4,3,3,2,4,3,3,4,3,3,3
436,3,2,3,3,3,3,4,4,4,3,3,3,4,4,3,4
437,4,3,4,3,4,4,2,3,3,3,4,3,4,4,3,3
438,2,2,2,2,2,3,3,3,4,3,3,3,3,3,3,4
439,3,2,2,1,2,2,3,3,3,2,4,3,4,3,3,2
440,1,2,2,1,2,1,2,2,2,3,3,2,2,2,2,3
441,1,2,2,2,2,3,2,2,3,3,3,3,3,2,2,2
442,2,3,4,3,3,3,3,3,3,4,3,2,3,3,3,2
443,3,2,3,2,3,3,4,4,4,3,4,3,3,4,3,4
444,3,3,3,3,3,3,4,3,3,4,4,4,3,3,3,3
445,3,2,2,2,3,3,3,2,3,3,2,2,3,2,2,2
446,3,2,4,3,4,4,4,3,3,3,4,3,4,4,3,4
447,2,3,3,3,3,2,2,3,3,3,3,2,3,3,3,2
448,3,2,3,2,3,4,3,3,4,2,4,3,3,2,4,3
449,2,3,2,3,3,3,4,4,4,3,3,3,3,4,3,3
450,3,3,3,2,2,3,4,3,4,4,4,2,4,4,4,3
451,2,3,2,3,2,2,2,4,4,2,3,2,2,2,3,2
452,4,5,5,4,5,5,4,5,5,4,5,5,4,5,5,4
453,2,2,3,3,2,2,3,3,2,2,3,2,3,3,3,1
454,2,3,1,2,2,2,3,3,4,3,3,2,1,2,2,2
455,3,3,3,4,4,4,3,3,3,2,2,4,4,4,3,2
456,2,3,3,3,3,3,2,4,3,3,3,2,3,2,2,1
457,2,2,4,3,3,3,3,3,2,2,3,2,2,2,2,2
458,3,4,3,1,3,4,3,3,4,2,3,3,4,3,3,3
459,3,3,3,2,3,3,4,4,3,4,4,4,4,5,5,4
460,2,3,2,1,2,2,2,4,2,3,1,1,1,2,2,2
461,1,2,4,2,3,3,2,2,3,3,3,2,3,3,3,3
462,4,4,4,2,4,4,3,3,4,3,4,3,3,4,3,3
463,3,3,4,3,4,4,2,3,3,4,3,4,3,3,4,3
464,1,2,2,2,3,3,3,3,3,4,2,2,3,3,2,2
465,2,2,3,2,3,3,3,3,2,3,3,2,3,4,2,3
466,4,4,2,2,3,4,3,3,4,2,3,2,3,2,2,3
467,3,2,3,4,3,3,3,4,3,2,2,2,1,2,2,2
468,2,1,2,2,2,2,3,4,3,2,3,3,3,3,4,3
469,4,3,3,4,3,4,3,3,3,3,4,3,4,4,3,3
470,5,4,5,3,5,5,3,3,4,4,3,3,4,4,4,4
471,4,2,4,4,2,4,3,4,3,4,3,3,3,3,3,3
472,2,3,4,4,3,4,3,4,4,4,3,3,3,3,4,3
473,4,3,3,4,3,4,4,3,2,3,3,2,3,4,2,4
474,2,2,1,2,2,3,2,5,3,3,3,2,1,3,3,2
475,3,3,3,3,4,3,2,4,3,3,3,3,3,3,3,3
476,3,3,3,3,4,4,4,4,4,3,4,3,3,3,4,4
477,2,3,3,3,3,3,4,4,3,3,3,3,2,2,2,2
478,4,4,5,4,5,5,2,3,4,2,3,3,4,4,4,3
479,2,3,4,4,4,4,3,4,3,3,1,2,2,3,2,2
480,2,2,4,3,3,2,2,4,2,1,2,3,2,2,3,3
481,3,3,3,3,3,4,2,3,2,2,2,2,2,3,2,3
482,4,3,4,2,3,3,2,4,3,3,3,3,3,3,4,2
483,3,3,4,3,3,3,4,3,2,3,4,3,4,3,4,3
484,4,5,5,4,5,5,3,5,3,5,4,3,4,4,3,3
485,2,2,3,2,3,4,2,3,2,1,3,3,2,4,3,3
486,5,4,5,3,5,4,2,3,3,4,4,3,3,3,2,3
487,3,3,4,3,3,3,5,5,4,4,5,3,5,5,5,5
488,3,2,2,2,2,3,4,3,3,3,4,3,2,3,3,3
489,3,2,2,3,3,3,3,3,3,2,3,2,5,3,3,3
490,3,3,3,2,2,3,2,3,2,3,3,2,3,3,2,3
491,3,3,4,4,4,4,3,5,3,3,4,3,2,3,3,3
492,3,4,4,3,3,4,3,3,4,3,3,3,4,4,4,4
493,3,2,4,3,3,3,2,4,3,4,3,3,2,4,2,2
494,3,3,3,3,2,3,3,3,3,3,2,2,3,4,3,3
495,4,3,4,2,4,4,3,4,4,3,2,2,4,2,3,3
496,3,3,3,3,3,4,3,4,3,3,3,2,3,3,4,3
497,2,3,2,3,3,3,4,2,3,4,3,3,4,5,3,3
498,4,3,3,4,3,5,3,3,3,3,4,4,5,4,4,4
499,3,3,3,3,4,3,3,3,4,3,3,3,3,3,3,3
500,4,3,5,4,4,4,3,3,4,3,3,3,3,3,3,3
501,3,3,1,2,2,3,4,3,3,2,3,4,3,3,4,2
502,2,3,3,2,3,3,3,3,2,3,4,3,4,4,4,4
503,3,2,2,1,2,2,3,2,3,4,1,3,3,2,2,2
504,3,3,4,3,4,4,2,4,2,3,3,4,3,4,3,3
505,3,3,2,1,3,4,4,3,3,3,3,3,4,5,4,4
506,4,3,3,3,3,5,3,3,3,2,4,3,4,4,3,2
507,3,2,2,3,3,3,3,3,4,2,2,2,2,2,2,2
508,2,3,2,3,3,3,2,3,2,2,3,2,2,3,3,2
509,3,4,4,4,4,3,5,3,4,3,4,4,5,5,4,3
510,3,3,3,3,3,3,3,3,2,3,4,3,3,2,4,2
511,4,4,3,2,4,3,2,4,2,3,2,3,3,3,3,3
512,2,3,3,3,3,3,3,3,4,2,2,2,3,3,2,3
513,3,3,5,3,4,3,4,4,3,2,3,3,3,4,3,3
514,2,3,1,2,1,2,3,4,4,3,3,3,3,1,3,3
515,4,4,4,4,4,4,5,4,4,5,5,5,5,5,5,5
516,2,1,1,2,2,2,3,3,3,1,2,2,2,2,3,1
517,3,2,3,3,3,3,4,3,3,3,4,3,3,3,3,3
518,3,4,4,3,4,4,4,4,4,3,4,4,3,4,4,4
519,2,4,2,3,2,3,3,3,3,2,2,3,2,3,2,3
520,3,2,3,2,3,2,4,4,3,4,2,4,2,3,2,3
521,3,1,2,2,2,2,2,3,3,3,4,3,4,4,4,4
522,3,2,1,2,2,3,4,2,3,3,2,1,3,3,2,4
523,1,2,3,3,3,2,4,4,4,3,3,3,2,3,4,3
524,2,3,2,3,3,3,4,4,4,3,3,3,3,4,3,3
525,5,3,4,4,4,5,3,3,3,5,4,4,4,5,4,5
526,4,4,4,4,4,5,2,4,2,4,4,3,3,4,4,4
527,2,2,3,3,3,4,3,3,2,4,3,3,3,4,3,2
528,1,4,3,3,3,3,3,4,4,3,4,3,3,3,3,2
529,3,3,3,2,3,4,3,4,3,2,3,3,3,3,4,4
530,2,4,2,2,2,3,3,3,2,2,3,2,3,2,3,3
531,3,3,2,3,2,4,3,4,4,2,3,1,2,2,1,3
532,2,2,3,3,3,4,4,2,2,4,4,2,4,4,2,4
533,3,3,4,3,3,3,3,4,5,4,3,2,3,3,2,3
534,3,3,3,3,3,3,4,4,3,3,4,3,4,3,3,3
535,4,4,5,4,5,3,4,4,4,3,5,2,5,4,3,4
536,2,2,2,2,2,2,3,3,2,2,2,2,3,2,3,2
537,2,2,3,2,2,2,4,3,4,3,3,3,3,4,4,3
538,2,2,3,1,2,3,3,2,2,2,2,3,4,3,3,3
539,4,3,4,4,4,5,4,4,4,5,5,4,4,5,5,5
540,4,3,5,3,5,5,3,3,3,4,3,3,4,3,3,3
541,2,3,2,2,2,2,4,4,4,3,3,3,2,3,3,4
542,5,4,4,5,4,4,4,4,2,3,4,3,3,3,3,2
543,3,3,3,2,4,4,3,3,2,3,3,3,4,4,3,3
544,2,4,2,2,2,3,3,5,3,4,2,3,3,2,2,2
545,3,3,2,4,3,3,3,3,3,2,5,5,4,5,5,5
546,2,3,3,3,4,3,3,3,3,3,2,2,2,3,2,2
547,3,3,2,3,2,3,3,3,2,3,3,2,3,2,2,3
548,3,2,2,2,2,4,4,4,3,3,4,3,4,4,4,3
549,2,5,4,2,3,4,4,3,4,4,3,3,4,3,3,3
550,3,3,3,2,3,2,3,5,3,3,3,3,3,3,3,3
551,4,3,4,4,4,4,3,5,4,4,3,4,5,4,4,4
552,3,2,3,2,3,2,3,3,3,3,3,3,3,2,3,3
553,4,3,2,3,3,3,2,3,4,2,2,2,1,3,2,3
554,2,3,3,4,3,4,3,3,3,3,2,2,2,4,2,3
555,4,2,3,3,3,3,3,2,3,3,4,2,2,4,2,2
556,4,3,3,3,3,3,4,4,3,3,2,1,2,3,3,2
557,3,3,3,4,4,4,3,3,3,4,4,3,3,3,4,2
558,1,2,2,2,2,3,2,3,3,3,3,3,4,3,4,3
559,3,3,3,3,3,4,3,4,3,4,2,3,4,3,3,2
560,3,4,3,3,3,4,2,3,3,3,4,3,4,3,3,3
561,3,1,1,2,2,3,2,3,3,2,2,2,2,3,1,2
562,1,1,2,2,2,2,3,3,4,3,3,3,3,3,4,3
563,2,2,2,3,2,4,3,2,4,4,3,3,3,4,3,2
564,4,3,4,4,3,5,2,4,3,3,3,3,3,3,4,3
565,5,5,5,4,5,5,4,3,3,4,4,4,5,5,4,5
566,2,3,3,3,2,3,2,3,2,1,3,2,3,3,3,2
567,1,2,2,2,2,3,2,3,4,2,2,3,3,3,4,2
568,3,4,5,4,4,5,3,4,4,3,4,4,4,4,5,4
569,4,2,3,2,3,3,3,3,3,2,3,4,4,4,3,4
570,1,1,1,1,2,2,2,4,1,2,3,2,2,2,2,1
571,2,3,3,3,3,3,3,5,4,4,4,4,4,3,3,3
572,5,4,4,5,5,4,4,4,3,4,4,4,4,5,4,4
573,3,3,3,3,3,3,3,2,2,3,5,4,3,5,5,4
574,4,4,5,3,4,4,3,3,3,3,4,3,4,3,4,4
575,3,3,3,4,3,4,5,3,5,5,4,3,3,3,3,2
576,3,2,2,2,3,3,3,4,3,3,3,2,2,3,2,2
577,4,2,4,4,4,3,4,3,3,3,3,3,4,4,3,3
578,4,3,3,3,3,3,2,4,3,2,3,3,4,3,3,3
579,3,2,2,2,2,4,2,3,3,3,2,2,3,3,4,3
580,4,3,3,3,3,4,3,4,2,4,3,3,3,3,3,4
581,2,3,3,3,2,4,2,3,2,3,2,2,3,4,2,3
582,2,2,2,2,2,2,3,4,3,4,3,2,3,3,4,2
583,3,3,4,4,3,4,3,3,4,3,4,3,4,3,4,4
584,4,3,3,3,3,4,3,3,4,3,4,3,3,4,3,3
585,4,3,3,3,3,3,3,4,3,3,2,3,3,3,3,3
586,4,3,2,3,3,3,3,4,3,4,4,3,3,3,4,3
587,2,1,2,1,2,1,3,2,2,3,3,2,2,2,3,1
588,3,2,1,3,2,3,2,2,2,2,3,3,2,3,3,2
589,3,3,4,3,3,3,2,3,4,4,3,3,3,4,4,3
590,3,3,2,3,3,4,4,5,3,3,4,3,3,4,3,4
591,3,4,4,3,4,4,2,4,3,3,2,3,3,2,2,2
592,3,3,5,3,4,4,2,3,2,3,3,3,3,5,2,4
593,2,3,4,3,3,3,5,3,4,4,3,5,3,4,4,3
594,4,3,4,3,4,4,3,4,4,3,3,3,4,4,4,4
595,4,4,4,3,4,4,2,5,4,3,4,3,4,3,3,4
596,1,3,4,3,3,3,4,3,4,3,3,3,3,3,3,4
597,3,3,3,4,3,4,4,4,5,4,3,3,3,4,3,4
598,2,2,3,2,2,3,2,4,3,2,2,3,2,3,2,2
599,4,4,4,3,4,4,3,4,4,3,4,3,5,4,3,4
600,2,2,3,4,3,3,2,4,3,2,2,3,3,4,3,3
601,4,4,5,4,5,4,3,4,3,4,3,3,4,3,3,4
602,3,3,3,3,3,3,2,4,3,3,2,4,2,2,3,3
603,4,3,3,3,3,2,3,3,2,3,3,3,3,4,3,3
604,2,2,2,3,2,2,2,3,3,1,3,4,4,3,3,2
605,3,2,3,3,3,4,3,3,3,3,3,4,4,3,3,3
606,2,2,3,3,3,3,3,4,3,3,3,4,3,3,4,3
607,3,2,1,1,1,1,1,3,2,2,3,3,3,3,3,2
608,4,4,3,4,4,3,3,4,3,3,3,3,5,3,3,4
609,2,2,1,2,2,2,1,2,2,3,1,2,2,2,2,2
610,5,3,3,3,3,2,4,3,3,3,4,5,5,4,3,4
611,3,3,2,2,2,2,3,3,2,3,3,2,1,2,3,3
612,2,3,3,3,3,3,3,3,3,2,4,4,3,3,3,4
613,3,3,2,3,2,2,2,4,4,2,2,3,5,3,4,3
614,2,3,1,1,2,3,1,3,2,2,1,2,3,2,3,2
615,2,2,2,2,2,2,3,2,3,3,3,4,3,3,3,2
616,2,1,3,2,3,3,3,3,1,3,4,3,2,4,4,3
617,4,2,3,3,3,3,3,4,5,3,2,3,3,3,2,3
618,3,3,1,2,1,4,3,4,3,3,3,4,4,3,3,4
619,3,3,3,2,3,2,4,3,3,3,3,3,2,2,3,3
620,2,2,3,2,3,3,2,2,3,2,2,3,2,2,2,3
621,3,2,3,1,2,2,2,4,2,3,2,3,2,3,2,3
622,3,2,3,4,3,3,4,3,3,3,3,3,3,4,3,4
623,2,1,1,2,1,2,2,2,2,2,2,3,2,2,3,3
624,2,3,2,2,3,3,3,3,3,2,2,2,3,1,3,3
625,3,3,1,4,2,3,3,2,4,3,4,4,4,5,5,4
626,3,2,2,2,3,2,3,2,2,2,3,3,3,2,3,3
627,4,3,3,4,3,3,2,2,1,3,4,5,3,4,4,3
628,2,2,3,4,3,3,4,4,5,4,5,5,5,4,4,3
629,3,1,3,2,2,3,2,3,3,2,2,3,3,2,3,4
630,3,2,4,4,4,4,3,3,3,3,3,3,3,3,3,3
631,4,4,3,3,4,4,2,2,4,3,3,3,3,3,3,3
632,3,2,4,3,3,3,3,2,2,1,2,3,2,3,3,3
633,2,3,3,3,3,3,4,3,3,4,3,5,4,4,5,5
634,3,4,2,3,2,3,3,4,3,3,3,4,4,3,3,3
635,4,2,3,4,3,4,3,3,3,4,4,3,3,4,3,3
636,2,2,2,2,3,3,3,1,2,2,3,4,2,2,2,3
637,3,2,2,1,2,2,2,3,3,2,3,4,4,3,3,3
638,3,2,3,3,3,3,3,2,2,2,2,3,3,3,2,2
639,2,3,2,3,2,3,3,3,2,3,3,5,4,4,4,3
640,3,3,3,3,3,3,3,3,2,3,2,3,3,2,2,3
641,3,2,2,4,2,3,4,3,2,4,3,4,3,2,4,3
642,4,5,5,5,5,5,4,3,2,3,5,5,5,3,4,4
643,2,3,3,3,3,4,3,2,3,2,2,3,3,2,3,3
644,4,3,4,5,5,4,3,4,3,3,3,3,4,2,4,4
645,2,2,2,3,2,1,2,2,3,2,2,2,2,2,1,2
646,3,3,4,4,4,3,4,3,3,3,3,2,3,3,3,2
647,4,4,2,3,3,3,3,2,2,3,3,4,4,3,3,3
648,4,3,3,3,3,3,3,3,3,3,3,3,3,3,3,2
649,3,3,2,3,2,2,1,2,2,2,3,3,3,3,3,3
650,4,3,3,4,3,4,3,3,3,3,3,3,4,4,4,3
651,4,2,2,3,3,4,3,2,4,3,2,3,3,3,1,2
652,2,2,4,3,3,3,2,2,3,3,5,4,3,4,4,5
653,2,2,2,3,2,3,2,4,4,3,2,3,2,3,3,3
654,2,1,3,2,4,2,3,3,2,3,3,3,2,2,2,2
655,3,2,4,4,4,4,4,3,4,4,3,4,3,2,2,4
656,3,3,3,4,3,4,3,3,4,4,4,4,5,4,4,4
657,3,3,3,4,4,3,2,3,1,2,3,4,3,3,4,3
658,2,3,2,3,2,3,3,4,3,3,3,4,3,3,5,4
659,3,4,2,4,2,3,2,4,2,3,3,4,3,3,4,3
660,4,4,3,4,3,3,4,2,3,3,5,3,4,3,4,2
661,3,2,2,4,2,2,3,3,2,3,4,4,4,3,4,4
662,4,3,3,3,3,3,3,1,3,3,3,3,4,3,3,4
663,4,3,4,3,4,3,3,3,3,3,4,4,3,4,4,3
664,3,3,2,3,3,3,3,2,3,4,2,3,3,3,4,3
665,2,4,4,3,5,3,4,4,5,4,3,4,2,3,3,4
666,3,3,3,3,3,3,3,3,3,3,2,2,3,2,2,2
667,2,1,3,2,3,1,2,3,2,1,3,4,2,2,3,3
668,1,2,3,2,2,2,2,3,2,3,3,4,4,2,3,4
669,3,3,3,4,3,3,3,2,2,2,4,3,5,3,3,4
670,2,1,1,1,1,2,2,4,3,4,2,3,4,3,3,4
671,3,3,1,2,3,3,3,3,2,2,3,3,4,4,4,4
672,2,2,2,1,2,2,2,2,1,2,3,2,2,3,3,3
673,5,4,3,3,4,4,3,3,4,3,4,4,4,5,3,3
674,3,3,3,1,2,2,3,3,1,2,2,3,4,3,3,3
675,3,2,2,3,3,3,3,3,3,3,4,3,3,3,3,3
676,3,3,4,3,3,2,3,4,5,4,4,3,3,2,3,3
677,2,1,1,1,2,1,2,2,1,3,3,3,3,2,2,3
678,3,2,4,4,4,3,3,5,3,3,2,3,3,3,4,3
679,2,3,1,2,2,2,3,3,3,3,3,3,2,2,3,3
680,2,2,2,2,1,2,3,2,4,2,3,2,3,3,3,3
681,3,3,3,2,3,3,3,3,1,3,3,4,3,2,3,3
682,3,3,3,2,3,3,3,5,3,3,3,3,3,4,2,3
683,5,3,2,4,3,4,4,2,4,3,3,3,3,3,3,3
684,4,3,4,3,4,4,3,4,3,3,4,3,3,3,3,2
685,3,2,2,4,2,3,2,3,2,2,2,3,3,3,3,4
686,3,1,2,3,2,3,3,4,4,4,4,4,3,4,3,3
687,3,2,1,1,1,2,3,3,2,3,3,4,5,4,5,4
688,2,3,4,2,4,2,2,2,4,2,2,2,3,3,3,2
689,2,3,2,4,2,3,3,3,3,2,3,4,2,3,4,3
690,1,2,2,2,2,1,3,3,3,3,4,3,3,3,4,4
691,4,3,4,4,4,3,3,2,3,2,3,4,4,3,3,3
692,2,1,2,3,2,3,4,4,2,2,3,4,3,2,2,3
693,5,2,3,4,4,3,5,4,4,5,4,4,3,4,4,5
694,3,3,2,3,3,2,4,4,4,4,3,4,3,3,3,2
695,4,3,3,5,4,4,4,5,3,4,3,5,3,3,4,4
696,3,3,4,2,4,3,3,5,4,3,4,4,4,3,4,4
697,3,3,2,2,2,2,4,2,3,4,3,3,2,4,3,3
698,2,1,3,1,2,1,3,2,2,3,3,2,2,2,2,3
699,2,3,3,3,3,3,3,3,2,4,4,5,5,4,5,4
700,3,3,3,4,4,3,4,3,4,4,4,4,4,2,5,3
701,2,1,2,3,3,3,2,2,2,2,1,4,2,1,3,2
702,4,3,2,2,2,2,3,3,2,3,4,4,5,4,5,4
703,4,3,3,3,3,2,2,3,2,2,3,3,3,3,3,3
704,4,3,3,5,4,4,5,4,4,3,4,3,4,3,4,3
705,4,3,3,2,3,3,3,3,4,4,4,5,5,4,4,4
706,4,2,2,2,3,4,3,4,4,3,3,2,2,2,3,3
707,2,3,3,4,4,3,5,3,3,3,4,3,4,3,3,4
708,2,3,2,3,2,2,3,3,3,2,4,4,3,4,3,4
709,3,2,2,2,3,3,3,3,2,2,3,4,4,2,3,3
710,2,3,2,2,2,2,2,3,3,2,2,3,3,3,3,3
711,3,3,2,2,2,2,2,2,2,2,2,3,2,3,3,3
712,2,4,2,3,3,3,2,2,2,2,2,2,2,2,3,2
713,3,3,3,2,4,3,1,2,2,3,3,4,4,3,3,4
714,3,3,3,4,3,3,2,1,3,2,3,4,4,3,3,4
715,3,3,4,3,4,4,4,3,3,4,3,3,4,3,3,3
716,3,3,4,3,4,3,3,2,2,2,3,3,3,3,3,4
717,4,5,4,5,4,4,3,2,2,3,4,4,5,4,5,5
718,2,2,1,2,1,3,3,4,3,4,3,3,2,2,3,2
719,4,2,2,2,3,3,2,4,2,3,2,2,3,2,3,4
720,3,1,2,2,2,2,3,4,3,3,3,4,3,3,3,3
721,4,3,4,4,5,5,3,3,4,3,4,4,4,4,4,4
722,2,3,2,2,3,2,2,3,2,3,3,3,3,3,3,3
723,2,3,2,2,2,2,1,4,3,4,2,2,3,4,3,3
724,2,3,3,4,3,3,2,4,3,2,2,2,1,2,2,2
725,3,3,3,3,3,3,3,4,3,4,3,5,4,3,4,3
726,4,4,2,3,3,3,2,4,3,3,2,3,3,3,3,2
727,4,3,3,2,4,3,3,3,4,4,3,4,4,4,4,4
728,2,3,2,3,2,3,2,3,2,2,3,4,5,4,4,4
729,4,2,2,3,3,3,2,4,2,3,3,4,3,3,4,3
730,3,3,3,3,3,4,1,3,3,2,3,4,3,3,3,4
731,4,2,3,3,4,3,3,3,3,3,4,3,3,3,3,3
732,4,1,2,2,2,3,1,2,2,1,3,4,4,2,3,3
733,3,4,2,2,4,3,4,4,4,4,3,4,4,5,4,4
734,2,2,3,2,3,3,4,5,2,4,4,4,3,4,4,4
735,2,3,2,2,2,3,2,2,2,1,2,2,2,3,2,3
736,4,2,2,4,3,2,1,3,2,2,2,3,2,1,2,2
737,3,3,3,3,4,3,3,3,2,3,3,4,3,2,3,3
738,4,3,2,3,2,2,2,3,2,3,3,4,3,3,4,3
739,4,2,3,5,3,3,2,2,2,3,4,3,3,4,3,3
740,4,5,4,5,5,4,3,4,4,5,3,4,4,4,4,4
741,2,2,3,1,3,2,4,4,4,3,2,3,3,2,2,3
742,3,4,2,2,2,2,2,3,3,3,3,2,3,2,2,2
743,3,3,2,3,2,3,2,2,3,1,3,3,3,3,3,3
744,2,3,2,3,3,2,4,3,2,3,4,4,3,4,4,4
745,4,2,2,3,3,2,2,4,2,2,3,3,4,3,4,3
746,2,3,1,3,1,1,3,4,3,3,2,3,4,1,2,3
747,4,3,3,3,3,2,2,2,3,3,2,1,3,2,3,2
748,3,3,3,4,3,3,3,3,2,2,3,3,2,2,3,3
749,4,3,3,2,3,4,3,3,3,3,4,3,5,4,4,5
750,3,3,3,3,4,4,3,3,2,3,2,2,2,2,2,3
751,4,3,2,2,3,3,2,3,2,2,2,3,3,2,3,3
752,5,3,3,3,3,3,5,3,4,4,3,5,3,4,4,4
753,4,2,2,1,2,3,3,1,3,1,2,3,2,3,2,1
754,3,2,3,3,3,3,4,4,3,5,4,4,4,3,4,3
755,2,2,3,3,3,2,3,3,4,4,2,3,2,2,2,3
756,4,2,3,2,3,3,3,1,2,3,4,5,4,3,5,4
757,4,3,4,4,3,3,4,4,5,3,3,3,3,2,2,3
758,2,2,2,1,3,3,2,2,3,3,3,4,4,2,3,2
759,2,3,3,4,4,3,4,3,3,3,2,3,2,3,3,1
760,2,2,3,3,3,3,3,3,4,3,3,5,4,4,4,4
761,3,3,3,4,3,3,3,4,3,4,4,5,5,5,4,4
762,4,3,2,1,2,3,4,4,3,3,2,3,3,4,4,3
763,4,3,2,2,3,2,2,3,3,3,2,4,3,4,4,4
764,4,3,2,3,3,3,3,2,2,3,4,5,4,5,4,3
765,2,1,3,2,3,3,3,3,2,3,3,3,4,4,3,3
766,4,3,3,2,3,2,3,3,4,3,3,3,4,4,3,3
767,3,2,3,3,3,3,3,3,3,4,3,4,4,4,4,3
768,3,3,3,3,4,3,3,3,3,4,3,3,2,3,3,4
769,5,4,4,5,5,5,5,4,5,5,4,3,3,3,4,3
770,3,2,1,3,1,2,2,3,2,1,3,3,4,3,3,3
771,4,3,1,3,2,3,3,3,3,3,2,2,2,2,3,2
772,3,3,3,3,3,4,2,2,4,2,3,4,3,3,4,4
773,4,3,4,3,3,3,2,4,3,2,3,3,2,2,2,2
774,3,2,2,3,3,3,4,4,3,4,3,3,3,2,4,3
775,3,2,2,2,2,2,3,3,3,2,3,2,3,2,2,2
776,4,3,3,3,3,3,3,4,3,3,3,4,3,3,3,4
777,3,3,3,3,3,2,2,3,3,2,2,4,3,3,3,3
778,2,2,3,4,3,2,3,3,3,3,3,3,3,3,3,3
779,4,1,2,2,2,3,4,3,3,3,3,3,3,2,4,3
780,5,3,3,4,3,2,2,4,2,3,2,2,3,2,2,3
781,3,3,2,2,3,2,4,4,2,4,4,4,3,4,4,4
782,2,3,3,2,3,3,3,3,3,2,2,3,2,2,2,2
783,2,2,3,3,2,3,4,4,3,2,2,2,3,2,3,2
784,4,2,3,3,3,3,3,2,2,3,3,3,3,4,3,3
785,5,4,5,4,4,4,4,3,5,4,5,4,5,4,4,5
786,2,2,3,4,4,3,4,4,5,5,3,4,2,3,5,2
787,3,3,2,3,2,2,2,2,2,2,3,3,3,2,3,3
788,1,2,1,3,1,2,2,3,2,3,4,3,3,2,2,2
789,4,2,2,2,2,3,3,4,2,3,4,4,3,3,3,2
790,3,2,2,2,2,3,3,2,2,3,2,2,3,2,3,4
791,2,3,1,4,2,2,3,3,4,3,4,3,4,3,2,3
792,3,2,3,3,2,2,3,3,2,3,4,3,5,4,4,4
793,4,2,3,2,2,2,2,3,2,3,3,3,3,3,3,3
794,3,3,4,4,3,3,3,3,4,3,4,3,3,3,3,3
795,4,3,3,3,3,3,1,4,2,2,2,3,2,2,2,3
796,2,3,3,4,2,3,3,3,3,3,3,3,3,3,2,2
797,2,2,1,2,1,1,4,3,2,3,2,2,2,2,2,3
798,3,2,3,1,3,2,2,2,2,2,2,3,2,1,3,3
799,4,3,4,3,4,3,4,2,3,3,4,4,4,4,5,3
800,4,3,3,2,3,3,4,4,3,3,3,3,3,3,3,3
801,3,2,4,3,5,3,4,5,5,4,4,3,4,4,5,4
802,3,2,3,3,3,3,3,3,1,2,3,4,4,4,4,3
803,3,2,3,2,2,2,3,3,3,3,2,3,2,3,4,1
804,3,3,3,2,3,3,3,3,2,3,3,2,2,2,1,3
805,3,1,3,1,3,2,2,2,2,3,3,3,2,3,4,3
806,2,2,2,3,3,2,2,3,2,2,3,4,4,3,3,4
807,4,2,2,3,3,2,3,3,3,3,3,2,4,4,3,3
808,4,4,4,3,4,5,3,3,3,4,3,3,4,3,4,3
809,3,1,2,2,2,2,4,2,2,3,4,5,4,4,5,3
810,3,2,2,3,2,3,2,3,1,2,3,4,3,2,2,3
811,4,3,2,4,3,2,3,4,3,2,3,4,4,4,3,5
812,4,3,3,3,3,3,2,1,4,3,3,4,4,4,4,4
813,3,4,3,3,3,3,3,3,4,3,2,2,1,1,2,1
814,3,3,5,3,5,4,3,3,2,4,3,4,4,5,4,3
815,4,3,3,4,4,4,2,4,2,2,2,3,3,2,2,4
816,3,2,2,1,2,2,2,2,1,2,3,3,3,3,3,3
817,4,3,3,4,4,3,2,3,3,3,3,4,3,3,3,3
818,4,3,3,4,3,3,4,4,5,4,3,5,4,4,3,4
819,3,2,1,3,1,1,1,4,3,2,2,3,2,2,3,3
820,1,2,1,2,1,2,3,2,3,3,4,4,4,4,3,3
821,3,3,3,2,4,3,4,2,2,3,3,4,3,3,4,5
822,4,1,3,2,2,2,4,4,3,3,4,4,4,4,4,4
823,3,4,4,3,4,3,2,4,3,3,4,4,3,4,3,4
824,3,2,2,2,3,1,1,3,1,2,1,1,2,1,1,1
825,4,4,4,3,5,3,2,2,2,2,3,4,4,3,4,3
826,4,3,4,5,5,4,4,4,4,3,2,3,3,2,3,3
827,2,4,4,3,3,3,2,3,3,3,3,3,3,4,3,4
828,3,3,4,4,3,4,3,4,3,3,5,4,4,4,4,4
829,3,3,4,3,4,3,3,3,2,3,3,3,3,2,3,3
830,3,3,3,2,4,2,3,2,3,2,3,3,2,3,3,4
831,4,4,5,4,5,4,3,3,2,3,3,2,3,3,3,4
832,4,3,3,3,4,3,4,3,4,4,4,5,5,5,4,4
833,4,4,3,2,4,2,4,4,3,2,3,4,4,2,3,3
834,2,1,3,2,2,2,4,2,3,3,2,3,3,4,4,4
835,2,2,3,3,3,2,3,4,3,3,3,4,2,3,3,3
836,1,2,1,2,2,2,2,2,2,2,2,3,2,1,3,2
837,4,4,3,4,4,3,4,4,2,3,3,4,4,3,3,4
838,3,3,2,2,2,3,2,2,2,3,2,3,3,1,3,2
839,4,3,4,4,4,3,3,3,3,3,2,3,4,4,4,2
840,3,3,3,3,4,3,2,2,3,2,3,4,3,3,4,4
841,2,2,3,3,2,3,4,3,4,3,4,3,5,4,3,3
842,2,2,3,2,3,2,3,4,2,3,3,3,2,2,2,3
843,3,2,2,1,2,2,3,3,3,3,1,1,2,1,1,2
844,3,3,2,2,2,3,3,3,1,3,2,4,4,3,4,4
845,3,4,4,3,3,2,4,4,3,4,3,3,3,3,3,1
846,2,1,2,4,3,3,2,2,3,3,4,4,4,4,4,4
847,3,3,4,5,4,4,2,3,3,3,4,5,4,5,5,5
848,2,2,3,2,3,1,3,2,2,3,3,3,3,3,3,3
849,3,2,3,3,4,3,2,1,2,3,4,4,2,3,3,3
850,3,3,3,4,3,3,4,2,3,3,2,3,1,2,2,3
851,4,2,2,3,2,2,1,1,2,2,2,2,2,3,2,3
852,5,3,3,3,3,3,3,3,3,3,4,3,4,4,4,3
853,3,2,2,2,3,3,3,2,3,3,4,4,4,3,3,3
854,4,2,2,3,3,3,4,4,4,5,4,4,4,3,3,3
855,3,2,2,2,2,3,4,3,3,4,3,2,4,2,3,3
856,2,2,2,3,3,3,2,4,2,3,3,4,3,2,4,3
857,4,4,4,4,4,3,4,3,4,4,3,5,3,4,4,4
858,3,3,2,1,3,2,3,3,2,3,3,4,3,2,3,3
859,3,3,2,3,2,3,3,3,3,2,3,4,4,3,3,3
860,3,3,3,3,3,3,3,5,4,2,3,3,3,4,2,3
861,2,1,2,2,2,1,2,3,3,2,3,3,2,2,3,2
862,5,2,3,3,3,3,2,2,2,4,4,3,3,4,4,3
863,2,2,3,3,3,1,3,3,3,3,3,3,2,4,2,3
864,2,2,1,2,1,2,4,4,4,3,3,3,3,3,3,3
865,3,3,2,2,4,4,2,4,2,2,2,3,3,3,2,3
866,3,3,5,4,5,4,3,3,3,3,2,3,3,3,2,3
867,3,2,4,3,4,4,5,4,2,3,3,3,3,2,4,2
868,2,3,3,3,2,2,3,2,3,2,3,3,2,2,1,2
869,2,2,2,1,2,1,2,2,2,3,3,3,2,2,3,2
870,3,2,3,2,3,2,4,2,3,4,4,3,3,3,3,2
871,4,3,4,3,4,4,4,3,3,4,5,4,5,4,5,4
872,2,3,2,2,2,2,3,3,2,2,2,4,5,3,4,4
873,3,3,2,3,3,4,3,4,1,3,3,3,2,4,3,2
874,4,3,3,3,4,2,3,3,3,3,4,3,4,4,4,4
875,1,1,1,1,1,1,3,3,3,3,3,3,2,2,3,3
876,2,3,2,3,3,2,3,3,2,2,2,2,2,2,2,2
877,3,3,2,4,3,3,3,3,2,3,4,4,3,4,3,3
878,4,3,3,3,4,2,4,3,3,4,3,4,4,3,4,4
879,4,2,2,3,2,2,3,2,3,3,2,2,2,2,2,3
880,3,4,2,3,2,4,4,3,2,3,3,3,2,3,3,3
881,2,3,3,3,2,4,2,4,2,3,2,2,3,2,2,2
882,4,3,4,3,5,5,4,3,5,3,3,4,3,3,2,4
883,4,3,3,3,4,4,4,2,3,3,4,4,5,4,3,4
884,2,3,3,3,2,3,3,4,4,3,4,2,3,3,2,3
885,4,3,4,4,5,4,4,4,4,3,5,5,5,5,4,4
886,4,2,1,1,2,3,3,2,3,4,3,3,3,3,3,3
887,2,3,3,3,3,2,3,4,3,3,3,3,3,3,2,4
888,2,1,2,3,2,3,2,2,3,3,2,2,2,2,2,2
889,2,2,2,1,2,1,2,2,3,3,2,3,2,3,2,3
890,2,2,2,2,2,2,2,4,2,2,2,3,3,3,2,2
891,4,3,2,3,3,3,4,3,2,4,3,4,4,4,4,3
892,3,4,4,4,4,3,1,2,2,3,3,2,2,2,2,3
893,4,2,2,2,3,2,4,3,4,4,4,4,4,4,4,4
894,3,2,2,1,2,2,4,4,3,4,4,4,3,2,4,5
895,4,3,3,3,3,2,3,4,3,2,2,2,3,2,3,2
896,3,2,2,3,3,2,4,3,3,3,3,3,3,4,4,3
897,3,2,1,2,1,2,2,2,3,2,3,3,3,2,2,3
898,2,4,3,3,3,3,4,3,3,3,2,2,4,3,3,3
899,4,3,2,3,2,4,3,3,3,2,2,3,2,3,3,2
900,3,3,2,2,3,3,3,3,4,4,2,3,3,2,3,2
901,2,3,3,3,3,3,3,4,1,4,3,3,2,2,3,2
902,3,3,3,4,3,2,2,3,3,2,3,4,3,3,4,3
903,3,4,4,3,3,3,3,3,4,4,3,4,4,3,4,3
904,4,3,3,3,3,2,3,3,3,3,4,4,3,3,4,3
905,3,2,2,3,3,4,3,3,3,4,3,3,3,2,3,4
906,3,3,1,3,2,3,2,3,2,2,4,3,2,3,3,2
907,3,2,2,1,2,3,3,3,3,3,4,4,4,4,3,3
908,1,2,2,3,2,3,2,4,4,4,4,4,4,5,5,4
909,5,4,4,4,4,5,4,4,2,4,3,3,4,4,4,3
910,3,3,3,3,2,2,3,3,3,2,3,3,3,3,2,3
911,2,1,2,1,2,2,3,3,2,2,3,4,3,3,4,5
912,3,3,2,2,2,3,3,3,3,2,4,3,4,4,3,3
913,5,4,3,4,4,4,4,3,3,4,3,4,2,3,4,3
914,3,2,4,4,4,2,3,3,2,3,3,3,4,3,3,3
915,1,3,2,2,3,3,3,3,3,3,3,3,3,3,3,4
916,5,3,3,4,3,3,3,3,4,3,3,3,4,3,3,4
917,3,3,3,2,4,4,3,3,2,3,3,2,1,2,4,2
918,4,3,4,4,4,4,3,3,3,4,4,5,3,4,4,5
919,3,3,3,3,3,3,2,2,2,3,3,3,4,3,4,3
920,2,2,3,2,3,3,2,2,2,3,1,1,2,1,1,1
921,4,3,4,2,5,4,3,2,3,3,3,3,3,4,4,2
922,4,4,3,5,5,3,2,3,3,3,4,3,4,3,4,5
923,3,2,3,3,4,3,3,3,3,2,3,3,3,4,3,2
924,3,3,2,3,2,3,2,3,2,2,2,2,1,3,3,3
925,1,2,2,2,3,3,2,2,1,3,4,4,4,3,4,4
926,3,3,4,3,4,3,3,3,3,3,4,4,2,3,3,3
927,3,2,3,1,3,3,4,4,3,4,2,3,3,3,3,3
928,4,3,3,4,4,3,4,3,4,4,2,3,3,3,4,3
929,3,3,3,3,4,3,4,3,3,3,3,5,4,4,3,3
930,3,2,2,2,2,3,3,3,3,3,2,2,1,2,3,3
931,4,4,4,3,4,4,4,3,3,4,3,2,3,3,4,3
932,2,3,1,3,1,3,2,4,2,1,3,3,2,3,3,4
933,3,3,3,3,4,3,4,3,3,4,5,5,5,5,4,4
934,5,3,3,2,4,3,3,3,2,3,3,4,3,2,3,4
935,5,3,3,3,3,3,2,3,3,3,4,3,4,3,4,4
936,2,3,3,3,4,3,2,4,3,2,5,3,4,2,3,3
937,5,4,3,4,4,4,4,4,4,4,3,3,2,2,2,2
938,5,5,5,5,5,5,2,3,4,4,3,4,4,4,5,4
939,1,2,2,3,2,2,3,2,2,4,2,3,3,3,3,3
940,4,3,4,3,3,3,3,1,2,3,3,3,3,3,3,4
941,4,1,3,2,3,2,3,4,1,3,2,2,1,1,1,1
942,4,2,2,1,2,4,3,2,3,2,3,3,3,4,3,3
943,2,1,2,3,3,2,3,2,2,3,2,2,1,2,2,2
944,2,2,2,5,3,3,2,2,4,2,3,2,3,2,2,3
945,3,3,2,4,3,3,3,4,4,3,4,3,3,3,3,3
946,3,2,3,3,3,3,2,3,3,3,2,3,4,3,4,3
947,3,2,3,3,3,3,3,2,2,4,3,4,4,4,4,3
948,4,3,3,3,3,3,3,3,3,2,3,3,2,3,3,3
949,3,2,1,2,3,3,2,3,2,1,3,4,2,3,2,2
950,4,2,4,3,4,3,5,3,4,4,2,2,3,3,4,3
951,1,2,2,1,2,1,2,4,3,1,3,1,3,2,3,3
952,4,2,3,3,3,2,3,3,3,4,3,3,4,4,3,3
953,4,4,5,4,5,4,3,3,2,4,5,5,5,4,5,5
954,4,3,3,2,3,3,3,4,3,4,2,3,3,2,3,2
955,3,3,3,1,4,2,2,2,2,2,4,4,3,4,4,2
956,1,2,2,3,3,3,3,3,2,2,3,3,3,2,3,2
957,3,3,2,4,3,4,3,4,4,4,3,5,4,4,4,3
958,4,3,4,3,4,3,4,1,3,4,2,3,3,3,2,2
959,5,5,4,4,4,5,4,2,4,4,2,3,4,4,4,3
960,3,3,3,4,4,4,2,2,4,2,3,3,3,3,3,3
961,4,4,3,3,4,2,2,4,3,3,3,3,3,4,4,3
962,2,1,1,3,1,1,1,1,1,2,3,2,3,3,3,3
963,3,2,3,3,3,2,3,4,4,3,4,4,4,3,3,5
964,4,3,4,2,3,3,1,4,3,2,3,4,3,4,4,3
965,3,1,2,3,3,2,4,3,2,3,1,2,2,2,3,3
966,5,4,2,3,2,3,4,5,4,4,3,4,3,3,3,4
967,2,3,3,3,3,2,4,5,4,4,3,4,4,4,4,4
968,2,2,2,5,2,3,2,3,2,3,4,3,3,4,4,4
969,4,3,4,4,5,5,3,4,4,3,3,3,4,4,4,4
970,2,1,2,2,2,2,3,4,3,3,2,3,3,3,3,2
971,2,2,2,1,1,3,3,3,2,3,3,4,3,4,5,3
972,2,2,1,1,2,2,4,2,2,3,2,3,2,3,2,2
973,3,2,2,1,1,2,3,3,2,3,2,3,2,2,3,2
974,3,3,2,2,3,2,3,3,2,2,3,2,2,3,3,3
975,5,3,4,3,4,3,3,3,3,4,4,4,3,3,4,3
976,3,3,3,4,3,3,3,2,4,2,4,3,3,3,3,3
977,4,3,3,2,3,4,3,4,2,3,3,3,4,3,4,3
978,3,1,2,3,3,3,2,1,2,2,3,4,4,4,4,4
979,4,3,2,1,3,2,3,5,4,4,3,3,4,4,3,3
980,2,2,2,1,2,3,3,4,4,3,2,2,2,1,2,1
981,3,4,2,1,3,3,2,4,2,3,2,4,4,3,4,3
982,3,3,3,4,4,4,2,3,4,3,2,3,2,3,4,3
983,2,3,2,2,2,4,3,3,3,3,3,3,2,2,2,2
984,3,3,3,2,3,2,2,1,2,3,3,3,3,2,3,3
985,2,2,3,3,3,2,4,3,4,3,4,4,4,4,3,5
986,2,2,1,3,2,1,3,3,3,2,2,1,2,2,1,2
987,4,3,2,3,2,3,3,4,2,4,3,3,3,3,3,3
988,4,4,3,4,3,4,3,3,3,3,1,3,2,1,2,2
989,1,3,3,2,3,4,3,2,2,2,3,3,4,3,4,3
990,2,2,3,2,2,3,3,4,2,2,3,2,2,1,3,2
991,1,2,1,2,1,2,3,2,4,2,3,3,3,3,3,3
992,3,2,4,1,4,3,3,3,4,4,2,3,3,3,3,3
993,3,4,4,3,4,3,4,3,4,4,2,3,3,3,3,2
994,2,3,2,1,2,2,2,2,2,3,3,4,4,5,4,4
995,2,1,1,3,2,2,3,3,2,2,3,4,2,3,2,3
996,3,3,2,3,3,3,3,3,4,4,3,3,3,3,4,3
997,4,2,2,2,2,3,3,2,2,3,3,3,3,3,3,4
998,3,4,2,2,2,3,3,1,1,2,2,3,3,4,2,3
999,3,3,3,3,3,3,5,4,4,4,4,4,4,5,5,4
1000,3,3,4,4,3,3,3,3,3,4,3,4,4,4,4,3
1001,2,2,3,3,3,2,3,1,2,2,3,3,3,3,4,3
1002,2,2,2,2,2,2,2,3,2,2,3,3,3,2,3,3
1003,4,3,3,3,2,4,2,3,3,3,3,2,3,3,3,3
1004,2,3,3,4,3,3,4,3,4,4,3,3,2,3,2,2
1005,4,2,3,4,2,4,3,3,3,3,3,4,4,3,4,3
1006,3,4,3,5,2,4,3,4,3,3,2,4,4,3,3,3
1007,3,4,3,3,3,4,4,4,5,3,5,4,4,4,4,4
1008,4,3,2,3,3,2,3,4,3,4,5,4,3,4,4,3
1009,3,3,2,2,3,2,2,3,3,2,3,3,4,3,3,4
1010,1,3,2,3,2,3,4,2,3,2,2,3,3,2,3,3
1011,3,3,2,3,3,4,3,2,2,2,2,4,3,3,3,3
1012,4,3,3,4,3,4,4,4,3,4,3,4,3,3,4,3
1013,3,2,1,2,2,2,2,3,3,3,3,3,3,3,3,3
1014,3,2,1,3,2,3,2,2,2,2,1,3,3,3,4,4
1015,3,3,3,3,3,3,4,3,4,4,4,4,4,4,3,4
1016,2,2,2,1,2,2,3,3,4,2,4,4,4,2,3,3
1017,3,3,3,1,4,2,2,3,3,3,3,3,2,3,4,3
1018,4,3,3,3,3,4,4,5,3,4,4,4,4,5,5,4
1019,3,1,1,1,2,2,3,3,4,3,3,2,1,2,2,1
1020,4,2,1,3,1,3,4,3,2,4,2,3,3,3,2,3
1021,3,3,3,3,3,3,4,4,3,3,3,2,2,2,2,1
1022,2,2,2,1,2,3,3,2,3,3,2,3,1,2,2,3
1023,4,1,2,3,3,3,2,3,3,2,3,3,2,2,3,2
1024,2,3,1,3,2,2,4,3,3,3,3,4,3,3,3,3
1025,3,1,1,1,1,1,3,4,3,3,3,4,4,3,4,3
1026,3,3,4,3,4,3,3,4,3,3,3,4,4,4,4,4
1027,4,2,3,3,3,2,1,2,1,2,2,2,3,2,2,2
1028,2,2,2,3,3,3,3,3,1,3,3,1,2,2,3,1
1029,3,3,2,3,2,3,4,3,2,3,3,2,4,3,3,3
1030,3,2,3,2,3,3,3,4,1,3,4,3,4,4,3,4
1031,2,2,3,2,2,3,3,3,2,3,2,3,3,2,3,3
1032,3,2,3,2,4,3,3,3,2,3,4,4,3,3,4,4
1033,3,1,3,3,2,1,3,1,3,2,2,2,2,1,3,2
1034,4,2,3,3,3,2,4,2,2,3,2,3,3,2,3,3
1035,2,3,3,4,3,3,3,2,2,3,3,4,4,3,4,4
1036,5,4,3,3,4,4,2,3,3,3,2,3,3,3,3,2
1037,3,2,2,2,3,3,2,2,3,3,4,3,3,3,4,3
1038,2,3,2,3,2,2,2,2,2,1,2,2,2,1,3,2
1039,3,4,2,4,3,4,5,4,4,4,3,3,3,3,4,4
1040,3,3,3,4,3,1,2,3,2,1,2,3,3,3,4,3
1041,3,2,3,4,3,4,3,3,4,3,4,3,4,4,4,4
1042,3,2,2,2,3,3,4,4,4,4,3,4,4,2,3,3
1043,2,3,3,3,4,3,4,2,3,2,4,3,4,4,4,3
1044,3,4,4,2,4,4,2,4,3,3,3,4,4,3,3,3
1045,3,3,3,3,5,3,3,4,4,3,4,4,4,3,4,5
1046,3,3,1,3,1,2,4,5,3,3,3,3,3,3,3,3
1047,3,1,3,2,3,2,1,2,2,3,4,3,4,2,3,3
1048,4,4,3,4,3,3,2,4,4,4,3,3,3,3,3,3
1049,2,2,2,2,2,2,4,3,3,2,2,3,3,3,2,3
1050,4,4,3,3,4,3,3,2,2,3,3,4,5,4,4,3
1051,3,2,2,4,3,2,3,3,3,3,4,2,3,4,3,3
1052,2,2,3,3,3,2,4,2,3,4,3,2,3,1,3,2
1053,3,1,1,2,1,2,3,4,2,4,3,3,4,4,3,3
1054,2,3,2,1,2,3,2,2,2,2,2,3,3,3,3,3
1055,3,3,2,3,3,3,4,3,3,3,3,4,4,4,3,3
1056,2,3,2,3,3,3,4,3,4,3,4,4,3,4,3,4
1057,3,2,2,1,2,3,4,4,4,3,4,3,4,4,3,4
1058,3,2,2,2,2,3,3,2,2,2,4,4,3,4,4,4
1059,3,3,3,4,4,3,2,2,2,1,3,3,2,3,3,3
1060,5,4,4,3,5,4,4,3,2,4,3,4,5,4,4,3
1061,4,3,2,2,3,2,4,3,3,3,4,2,3,3,3,3
1062,3,3,2,3,2,3,4,2,2,3,3,4,3,3,3,4
1063,3,2,3,2,3,3,2,4,3,3,3,3,3,2,1,3
1064,3,3,3,4,4,3,4,2,4,3,4,4,3,4,4,3
1065,4,3,3,2,4,3,2,3,2,3,3,4,2,3,3,4
1066,2,3,3,2,4,3,2,3,2,3,3,2,2,3,3,4
1067,3,3,4,5,4,3,3,4,3,3,4,5,4,4,4,4
1068,2,2,2,1,2,3,3,4,3,3,3,3,3,2,2,3
1069,3,3,3,3,2,3,3,4,4,3,4,4,3,3,3,3
1070,2,3,3,1,3,3,3,3,1,2,3,2,3,2,3,2
1071,2,3,3,1,3,3,5,3,4,4,3,2,1,2,2,2
1072,2,2,2,3,2,2,3,2,3,2,1,2,3,3,2,2
1073,5,3,3,4,4,5,3,3,3,3,3,3,4,3,4,5
1074,3,4,3,3,3,3,2,3,4,3,4,2,3,2,2,2
1075,4,3,4,3,4,2,2,3,2,3,3,2,3,3,4,2
1076,2,3,2,2,3,2,4,3,4,2,2,2,1,2,2,2
1077,2,3,2,3,2,2,2,4,2,3,3,2,2,2,3,2
1078,5,5,3,5,4,4,4,4,4,5,2,3,4,4,4,2
1079,3,3,4,4,4,4,3,3,3,3,3,3,1,2,2,3
1080,3,4,2,3,3,3,2,2,3,2,3,4,4,3,4,4
1081,4,2,2,2,2,2,2,4,2,3,2,2,3,2,3,2
1082,4,3,2,2,3,2,4,3,4,3,2,3,3,3,3,3
1083,3,2,2,3,3,3,3,3,3,4,4,5,3,4,4,3
1084,4,4,3,2,4,4,3,3,2,3,4,4,4,4,3,3
1085,3,2,3,2,3,2,4,1,3,3,3,3,3,3,4,4
1086,2,2,3,3,3,1,3,4,4,3,3,4,3,3,4,4
1087,3,3,3,3,3,3,3,2,3,3,3,2,3,2,1,3
1088,3,1,3,3,3,3,3,3,3,4,3,3,3,3,3,3
1089,4,3,3,3,4,4,3,1,4,3,4,5,4,3,5,4
1090,4,4,4,4,4,3,3,3,2,3,4,3,4,3,4,4
1091,3,2,2,3,2,3,2,2,2,2,3,3,4,4,3,4
1092,4,2,4,3,4,3,3,4,3,4,4,4,4,3,4,5
1093,2,2,2,2,3,2,3,3,4,4,4,3,4,4,3,2
1094,1,2,2,2,3,2,3,2,2,2,4,4,3,4,4,4
1095,3,3,3,1,3,1,2,4,3,3,2,2,3,2,2,3
1096,2,2,1,2,1,2,3,3,4,2,4,4,4,5,5,4
1097,2,3,3,1,2,3,3,2,3,2,3,3,3,2,3,4
1098,3,2,3,1,3,2,3,4,2,3,5,4,5,3,4,3
1099,2,3,3,2,3,3,2,3,2,3,2,2,2,2,2,2
1100,4,4,2,3,2,3,3,3,3,4,3,3,4,4,4,5
1101,2,2,2,4,3,3,2,3,3,3,4,2,4,3,3,4
1102,4,3,4,3,4,4,3,4,2,2,4,3,3,3,2,3
1103,3,3,2,2,2,2,2,2,1,2,3,3,2,3,3,2
1104,2,3,3,3,3,3,3,3,4,4,3,4,5,3,3,3
1105,4,4,4,3,4,4,1,3,2,2,3,4,4,4,4,3
1106,3,2,2,2,3,3,3,3,2,4,4,4,3,4,4,3
1107,4,2,2,3,2,3,2,2,2,4,4,3,3,3,4,4
1108,4,3,3,3,3,3,4,2,3,4,2,2,3,3,2,2
1109,4,3,3,5,4,5,4,3,3,4,2,3,3,2,2,2
1110,2,2,3,2,3,3,5,5,4,4,3,4,3,2,3,3
1111,2,2,2,2,2,2,3,3,3,2,2,3,1,2,2,2
1112,3,3,2,2,3,3,2,2,2,3,3,3,4,3,3,2
1113,5,3,2,3,3,2,3,2,3,4,3,3,4,2,3,2
1114,3,3,3,3,3,4,3,4,4,3,4,3,3,3,3,3
1115,4,3,3,5,3,4,3,2,3,3,2,3,3,2,4,2
1116,4,4,3,3,4,3,3,3,2,3,2,3,2,2,4,3
1117,3,3,3,2,3,2,3,3,1,1,2,2,3,3,3,2
1118,3,1,1,1,2,2,3,2,3,2,2,3,3,3,4,4
1119,3,2,3,3,4,3,3,3,3,3,3,2,3,4,3,3
1120,4,2,3,3,3,4,3,4,3,3,3,4,4,5,3,3
1121,4,3,4,2,3,2,2,3,3,3,4,3,3,2,4,3
1122,3,2,3,2,3,2,3,2,3,3,2,3,4,4,4,4
1123,3,4,2,2,2,2,3,5,4,3,3,3,4,2,3,2
1124,3,3,4,3,3,3,2,4,3,3,4,3,4,3,2,2
1125,4,3,3,2,3,4,3,3,4,4,3,3,4,2,4,2
1126,4,3,3,3,3,3,3,3,2,2,2,4,5,4,4,3
1127,3,3,1,2,1,3,3,3,2,3,3,4,4,3,4,4
1128,3,3,3,2,4,3,3,5,2,3,3,3,2,2,3,2
1129,4,3,3,3,3,3,4,3,3,3,3,4,3,5,3,5
1130,1,3,2,2,2,2,2,4,3,4,2,2,2,2,3,2
1131,2,2,4,2,3,3,2,4,3,2,4,3,4,2,4,3
1132,2,3,3,3,3,2,3,2,2,2,3,2,2,1,2,3
1133,4,4,4,4,4,4,2,2,2,3,3,3,3,3,3,4
1134,2,2,4,2,4,2,2,3,2,3,2,2,1,1,1,3
1135,3,3,2,4,4,3,3,2,3,3,3,3,3,3,2,3
1136,4,3,3,4,3,2,3,4,3,3,3,3,3,3,4,3
1137,3,3,3,3,3,3,4,4,4,4,2,2,3,2,2,1
1138,2,3,2,4,3,3,4,4,4,4,3,3,3,3,4,4
1139,4,4,4,4,4,4,2,3,3,4,3,2,3,3,2,3
1140,2,4,3,3,2,3,2,3,3,4,2,3,2,2,3,2
1141,2,3,2,3,2,2,3,4,4,3,4,3,4,4,4,4
1142,1,3,3,3,2,3,2,3,2,2,2,3,2,2,2,2
1143,4,3,3,4,4,2,4,4,2,4,2,4,4,3,4,4
1144,3,3,2,2,3,3,3,1,3,3,3,3,2,3,3,4
1145,4,3,4,3,4,3,3,3,3,3,3,3,3,3,3,4
1146,4,4,3,4,4,4,4,4,3,3,3,3,3,2,4,3
1147,4,3,4,1,3,3,2,3,2,2,3,2,3,3,2,3
1148,4,1,4,3,3,2,3,4,2,3,3,3,4,3,4,2
1149,3,3,3,4,3,3,2,3,4,2,3,3,3,3,3,4
1150,4,2,3,3,3,3,3,3,4,3,4,4,3,3,4,3
1151,3,3,3,3,3,4,3,3,3,3,3,3,4,3,3,3
1152,2,2,2,1,3,2,3,2,4,2,3,2,4,4,3,3
1153,2,3,2,3,3,4,2,4,3,3,3,4,3,4,3,4
1154,3,2,2,3,2,2,3,3,2,2,3,3,2,3,2,1
1155,5,3,4,3,4,3,3,4,3,4,3,2,2,2,3,2
1156,3,3,2,4,3,3,4,4,5,4,3,4,3,3,4,4
1157,4,3,2,2,3,4,2,3,2,3,2,2,2,3,2,2
1158,3,2,2,3,3,3,4,3,4,3,4,3,4,3,4,3
1159,4,3,3,3,4,3,4,3,3,2,3,4,5,4,3,5
1160,4,3,3,4,3,3,3,4,5,3,3,2,4,3,4,2
1161,2,4,3,3,3,3,3,5,4,4,4,3,3,3,4,4
1162,3,2,2,1,2,2,2,2,3,2,2,2,1,2,3,3
1163,3,3,3,2,3,2,3,4,2,3,3,3,2,3,2,2
1164,3,4,4,4,4,5,4,4,3,3,4,3,4,4,4,3
1165,4,3,3,3,3,3,4,2,3,3,5,5,5,5,5,2
1166,4,3,3,4,4,3,3,3,3,3,3,3,3,2,2,2
1167,3,2,3,3,3,3,4,3,4,4,4,3,3,4,3,3
1168,2,3,2,2,3,2,2,2,2,2,3,2,2,3,3,3
1169,3,3,3,3,3,3,3,2,3,3,4,5,4,4,4,3
1170,3,4,2,4,2,3,3,4,3,3,3,3,3,4,3,3
1171,3,3,2,4,3,4,2,4,3,3,4,3,4,4,4,4
1172,2,3,2,2,3,3,3,3,3,3,5,5,5,5,4,5
1173,3,2,4,4,4,3,3,3,3,3,3,3,4,3,4,3
1174,4,2,2,3,3,3,3,4,3,4,4,4,4,4,4,5
1175,2,3,2,1,2,1,3,3,4,3,3,3,3,4,3,4
1176,3,3,2,2,3,2,2,2,3,3,3,3,1,3,3,2
1177,2,2,2,3,3,3,1,2,3,1,2,3,5,4,3,3
1178,4,3,2,3,2,3,2,3,3,3,4,4,3,4,4,4
1179,4,3,2,4,2,3,3,4,2,3,3,4,4,3,3,3
1180,3,1,1,2,1,1,2,3,2,1,3,2,1,2,3,2
1181,3,3,4,3,4,4,4,4,4,4,3,3,3,3,3,3
1182,4,5,4,5,4,4,3,3,2,3,4,5,4,3,4,4
1183,4,4,4,3,4,4,3,4,3,3,3,3,2,3,2,2
1184,4,3,3,4,4,4,3,4,3,3,3,2,3,1,3,2
1185,4,3,3,3,3,2,4,3,3,4,2,2,4,4,4,3
1186,4,2,3,3,2,3,4,4,3,3,3,3,3,4,3,3
1187,3,3,4,4,5,3,3,3,3,3,3,2,4,2,3,3
1188,2,2,2,1,3,2,3,4,2,1,3,2,1,2,2,2
1189,3,2,3,3,3,1,3,4,4,4,2,3,2,3,3,2
1190,2,2,4,3,3,3,4,3,2,2,4,4,3,4,3,3
1191,3,2,3,3,3,3,4,2,3,3,3,3,3,4,3,4
1192,3,1,2,2,2,2,4,3,5,4,3,3,3,3,3,3
1193,3,3,3,1,2,3,3,2,3,2,3,3,1,2,2,2
1194,3,3,2,3,2,2,3,3,3,3,3,3,3,4,3,4
1195,3,4,3,4,3,3,3,3,4,4,3,4,3,3,3,3
1196,5,3,3,4,4,4,2,3,3,3,3,3,3,2,4,4
1197,2,2,2,2,3,2,2,3,3,3,3,3,4,3,3,4
1198,3,2,2,3,3,2,2,3,3,3,4,3,5,5,3,4
1199,2,2,1,2,1,2,3,3,5,4,3,2,2,2,2,2
1200,3,4,3,3,4,3,2,4,2,2,3,3,2,2,3,1