birthmonth,height,eyecolour,catdog,threewords,year,course,ampm,sleeprating,phone_unlocks,caffeine,caffeine_type,procrastination,multitasking,pseudonym
mar,180,blue,dog,Hail and hearty,2026,usmr,Morning person,89,6,6,coffee,70,66,The Nek
jul,175,brown,dog,"Reflective, Sincere, Compassionate",2026,usmr,Morning person,80,67,2,coffee,80,50,wjldztxc
apr,176,blue,cat,NA,2026,usmr,Evening person,30,NA,2,coffee,50,60,Ford Prefect
jan,165,brown,cat,NA,2026,usmr,Evening person,75,80,2,coffee,60,50,Josie
jan,170.18,blue,dog,"Kind, Awkward, Anxious",2026,usmr,Morning person,70,97,3,coffee,50,75,Olivia
nov,158,blue,cat,"Excitable, sensitive, creative",2026,usmr,Evening person,80,60,0,soft drinks (e.g. cola),50,85,Berry
jan,176,blue,cat,enthusiastic; flexible; tired,2026,usmr,Morning person,90,172,0,i don't drink caffeine,74,74,BlueCaravan
mar,163,brown,cat,"Friendly, Warm, Ambitious",2026,usmr,Evening person,83,NA,2,tea,85,60,ABC123
oct,173,green,cat,"creative, kind, funny",2026,usmr,Evening person,20,NA,2,coffee,70,60,Adelina Gian
jun,165,brown,cat,"Friendly, ambitious, direct",2026,usmr,Morning person,80,NA,1,coffee,60,50,NA
may,1.73,brown,dog,NA,2026,usmr,Morning person,50,NA,2,coffee,20,90,NA
nov,158.5,brown,cat,Energetic passionate awkward,2026,usmr,Morning person,40,NA,0,tea,75,100,NA
may,170,blue,cat,"creative, witty, awkward",2026,usmr,Evening person,85,NA,0,i don't drink caffeine,40,10,Idoneity
sep,177.5555555,other,cat,"Beautiful, perfect, humble",2026,usmr,Evening person,88,45,1.5,coffee,62,65,Hamo
sep,167,brown,cat,"enthusiastic, curious, dedicated",2026,usmr,Evening person,80,133,0,i don't drink caffeine,75,80,whoami
nov,175,brown,dog,"passionate, curious, happy",2026,usmr,Morning person,80,76,0,i don't drink caffeine,70,50,Christina
jan,169,grey,dog,"curious, restless, sociable",2026,usmr,Morning person,68,NA,2,coffee,10,65,NA
jun,166,blue,dog,"Fun, Kind, Busy",2026,usmr,Evening person,45,84,1,energy drinks,70,90,ZoeW314
jan,170,hazel,dog,"Social, energetic, humorous",2026,usmr,Evening person,65,296,2.5,tea,30,50,BB
mar,160,brown,cat,"Creative, resourceful, curious",2026,usmr,Evening person,80,79,0,i don't drink caffeine,35,75,blueeeeee
jun,162.5,brown,dog,"social, fun, hard-working",2026,usmr,Morning person,80,102,1,coffee,70,30,bunny
mar,167,green,cat,"Compassionate, observant, perseverant",2026,usmr,Evening person,7,NA,1,coffee,3,3,CoreyC
aug,160,hazel,dog,NA,2026,usmr,Evening person,NA,NA,2,coffee,80,50,NA
nov,173,brown,dog,"curious, empathetic, spooky",2026,usmr,Evening person,80,100,1,tea,20,10,NA
sep,176,brown,cat,"conscientious, thinking, poor",2026,usmr,Morning person,85,NA,5,coffee,60,30,Talkalaar
jun,173,blue,dog,"Kind, Adventurous, and Personable",2026,usmr,Evening person,7,NA,1,coffee,6,8,NA
dec,183,brown,dog,I'm only human,2026,usmr,Evening person,76,114,3,coffee,50,65,Subject_X
apr,168,NA,NA,insecure compassionate adaptable,2026,usmr,Evening person,75,165,0.14,coffee,30,50,NA
oct,162,brown,dog,"introverted, witty, clumsy",2026,usmr,Evening person,70,107,1,coffee,30,80,winnie
sep,163,brown,cat,NA,2026,usmr,Evening person,90,NA,1,other,20,90,potato
aug,13.716,brown,dog,"realistic, mature, enjoys life",2026,usmr,Morning person,80,NA,2,tea,85,70,NA
sep,160,brown,cat,NA,2026,usmr,Morning person,80,NA,1,coffee,50,20,NA
may,164,blue,dog,"funny, reliable, intelligent",2026,usmr,Evening person,70,NA,0,i don't drink caffeine,90,90,Bird
may,162.5,brown,dog,"creative, inviting, curious",2026,usmr,Evening person,68,28,1,energy drinks,65,78,NA
jan,162,brown,cat,"perseverant, collaborative, organized",2026,usmr,Morning person,70,NA,1,coffee,50,85,NA
nov,170,brown,dog,NA,2026,usmr,Evening person,40,46,0,i don't drink caffeine,80,60,gr
nov,154.94,brown,cat,NA,2026,usmr,Morning person,70,NA,1,coffee,30,40,-
jan,180.3399999,brown,cat,curious compassionate offbeat,2026,usmr,Evening person,50,18,0,tea,0,80,jrr
may,163,brown,cat,"reader, arboreal, quiet",2026,usmr,Evening person,59,111,1.5,tea,45,40,R45-12
jan,184,brown,cat,"curious, industrious, friendly",2026,usmr,Evening person,65,35,1,tea,30,75,Justin
jan,160,brown,cat,"Cheerful, Funny, Annoying",2026,usmr,Evening person,30,8,4,coffee,70,40,PinkPonyClub
jul,178,blue,dog,"chatty, relaxed, optimistic",2026,usmr,Evening person,86,NA,1,coffee,10,76,mango
nov,155,brown,dog,"curious, passionate, kind",2026,usmr,Evening person,80,24,0,coffee,50,75,hmc
may,160,brown,cat,am pretty cool,2026,usmr,Morning person,70,NA,0,i don't drink caffeine,40,0,NA
aug,182,brown,cat,"curious, chill, human",2026,usmr,Evening person,89,NA,1,coffee,85,67,Dave
jul,165,blue,dog,"Abstract, Chaotic, Chthonic",2026,usmr,Evening person,90,6,0,i don't drink caffeine,80,60,Katiekes
apr,188,brown,dog,"curious, motivated, logical",2026,usmr,Evening person,80,NA,2,coffee,60,85,NA
feb,163,brown,cat,patient calm introverted,2026,usmr,Morning person,69,78,1,coffee,66,46,NA
sep,171,other,cat,"ambitious, emotional, empathetic",2026,usmr,Morning person,50,58,4,tea,80,100,brachiodragon
apr,160,brown,cat,positive sociable outgoing,2026,usmr,Evening person,70,29,0,tea,30,80,yes
jan,166,blue,dog,NA,2026,usmr,Morning person,35,NA,3,coffee,35,75,ab
jun,175,blue,cat,"reliable, social, impatient",2026,usmr,Evening person,75,144,1,tea,30,10,CB10
jul,170,brown,dog,"Hardworking, Understanding, and Bright",2026,usmr,Evening person,75,136,2,tea,80,90,NA
sep,167,brown,cat,defensive slow autism,2026,usmr,Evening person,54,NA,1,coffee,40,36,yes
aug,163,blue,dog,"Positive, loyal, kind",2026,usmr,Evening person,40,105,0,i don't drink caffeine,70,70,Cloud
aug,168,brown,dog,"Fun, Tired, Wise",2026,usmr,Morning person,80,93,1.5,coffee,55,90,MH
jul,179,green,cat,NA,2026,usmr,Evening person,70,28,1,coffee,40,70,NA
jul,167,brown,dog,NA,2026,usmr,Evening person,60,NA,1,coffee,10,20,HP
dec,170,blue,dog,"Lazy, chalant, tired",2026,usmr,Evening person,75,57,3,coffee,0,50,NA
sep,160,blue,dog,"determined, sociable, optimistic",2026,usmr,Evening person,33,52,1,soft drinks (e.g. cola),75,68,lily
jan,173,hazel,cat,Calm; patient; quiet,2026,usmr,Evening person,80,66,2,soft drinks (e.g. cola),20,70,MGT
jun,165,brown,cat,"chill, friendly, hardworking",2026,usmr,Evening person,30,NA,2,coffee,60,90,d777
