PID,Status,Device,ScreenWidth,Progress,StartDate,EndDate,tickConsent,age,stroopscore
Qyvpkzlt_219538,IP Address,Mobile,7,100,2026-08-24,2026-08-24,Yes,49,35
Qvcipedf_857961,IP Address,Mobile,6,100,2026-08-23,2026-08-23,Yes,51,29
Qmvphblg_529768,IP Address,Desktop,28.8,100,2026-08-26,2026-08-26,Yes,46,34
Qerfmnls_142368,IP Address,Desktop,16,100,2026-08-20,2026-08-20,Yes,61,49
Qlsxqkoi_923815,IP Address,Mobile,6,100,2026-08-31,2026-08-31,Yes,18,24
Qecknfxv_345296,IP Address,Mobile,6,100,2026-08-20,2026-08-20,Yes,67,56
Qktxlenm_568214,IP Address,Desktop,31,100,2026-08-26,2026-08-26,Yes,73,39
Qunzgaki_635127,IP Address,Mobile,7,100,2026-08-02,2026-08-02,Yes,37,43
Qzlsxhwv_486215,IP Address,Mobile,6,100,2026-08-04,2026-08-04,Yes,36,43
Qazfbwlx_493527,IP Address,Mobile,5,100,2026-08-21,2026-08-21,No,59,53
Qjzpgqxd_627539,IP Address,Mobile,5,100,2026-08-17,2026-08-17,Yes,60,45
Qlmvqwrj_157628,IP Address,Mobile,5,100,2026-08-06,2026-08-06,No,51,36
Qqkapluy_214869,IP Address,Mobile,5,100,2026-08-01,2026-08-01,No,32,18
Qoqupszr_489356,IP Address,Mobile,7,100,2026-08-26,2026-08-26,Yes,44,36
Quytmkqb_659234,IP Address,Mobile,15,100,2026-08-28,2026-08-28,Yes,77,38
Qunqcrya_586271,IP Address,Mobile,6,100,2026-08-31,2026-08-31,Yes,28,65
Qbjavolw_156279,IP Address,Desktop,31,100,2026-08-26,2026-08-26,No,65,59
Qmdpavhi_193824,IP Address,Mobile,5,100,2026-08-17,2026-08-17,Yes,68,57
Qtdfskqv_632871,IP Address,Mobile,5,100,2026-08-14,2026-08-14,Yes,37,9
Qkwxlrep_287364,IP Address,Mobile,5,100,2026-08-18,2026-08-18,Yes,76,50
Qajksrzh_457693,IP Address,Desktop,31,100,2026-08-27,2026-08-27,Yes,80,65
Qgcrnwtl_984137,IP Address,Mobile,6,100,2026-08-07,2026-08-07,Yes,39,13
Qikdowfz_174359,IP Address,Mobile,7,100,2026-08-28,2026-08-28,Yes,66,45
Qgfylamk_631427,IP Address,Mobile,6,100,2026-08-22,2026-08-22,No,34,5
Qcezjmvl_215386,IP Address,Mobile,6,100,2026-08-04,2026-08-04,Yes,52,34
Qlswguix_845172,IP Address,Mobile,7,100,2026-08-04,2026-08-04,No,26,29
Qnolgyhr_832149,IP Address,Mobile,7,100,2026-08-27,2026-08-27,No,67,43
Qqsbpcwn_295347,IP Address,Mobile,7,100,2026-08-28,2026-08-28,Yes,52,17
Qujpgnbs_519674,IP Address,Mobile,17,100,2026-08-12,2026-08-12,No,49,47
Qrmacfsk_417298,IP Address,Mobile,7,100,2026-08-18,2026-08-18,Yes,39,16
Qqaznmiy_791845,IP Address,Mobile,5,100,2026-08-24,2026-08-24,Yes,46,29
Quxhtpnc_789263,IP Address,Mobile,5,100,2026-08-18,2026-08-18,Yes,60,53
Qxzmcrsa_521846,IP Address,Mobile,6,100,2026-08-14,2026-08-14,Yes,19,27
Qxouvmws_261479,IP Address,Desktop,31,100,2026-08-19,2026-08-19,Yes,36,34
Qtnkdasi_428937,IP Address,Mobile,15,100,2026-08-05,2026-08-05,Yes,42,17
Qwzanhfq_352974,IP Address,Desktop,28.8,100,2026-09-01,2026-09-01,No,48,28
Qdartxlw_352194,IP Address,Mobile,5,100,2026-08-09,2026-08-09,Yes,20,19
Qbjlzxik_786439,IP Address,Mobile,7,100,2026-08-29,2026-08-29,Yes,48,32
Qobahvig_215834,IP Address,Desktop,14,100,2026-08-25,2026-08-25,Yes,61,57
Qaskuwlr_471289,IP Address,Desktop,28.8,100,2026-08-21,2026-08-21,No,24,34
Qztwyhoj_851769,IP Address,Mobile,5,100,2026-08-20,2026-08-20,Yes,47,55
Qkqzvynw_632514,IP Address,Mobile,5,100,2026-08-27,2026-08-27,Yes,38,53
Qauvktqc_956134,IP Address,Mobile,7,100,2026-08-14,2026-08-14,Yes,48,39
Qejhlysu_564839,IP Address,Mobile,15,100,2026-08-12,2026-08-12,Yes,20,27
Qfbqcsmp_256794,IP Address,Mobile,5,100,2026-08-25,2026-08-25,No,72,62
Qibqofjr_486735,IP Address,Mobile,6,100,2026-08-19,2026-08-19,Yes,20,9
Quotvhmg_652973,IP Address,Mobile,5,100,2026-08-20,2026-08-20,Yes,50,46
Qkesrngb_897416,IP Address,Mobile,7,100,2026-08-27,2026-08-27,Yes,28,20
Qrtzebfq_435716,IP Address,Mobile,6,100,2026-08-29,2026-08-29,Yes,50,22
Qigvoyap_827413,IP Address,Mobile,7,100,2026-08-30,2026-08-30,No,52,28
Qmwevnya_234871,IP Address,Mobile,6,100,2026-08-27,2026-08-27,Yes,26,50
Qldavqyr_794862,IP Address,Mobile,6,100,2026-08-12,2026-08-12,No,40,18
Qnvqcwdz_158394,IP Address,Mobile,5,100,2026-08-25,2026-08-25,Yes,57,33
Qzrumcdj_691845,IP Address,Mobile,6,100,2026-08-06,2026-08-06,Yes,27,8
Qodjlbhy_895612,IP Address,Mobile,7,100,2026-08-16,2026-08-16,No,62,22
Qkrjdmig_478531,IP Address,Mobile,7,100,2026-08-23,2026-08-23,Yes,61,65
Qmwxilab_948276,IP Address,Mobile,7,100,2026-08-30,2026-08-30,Yes,22,22
Qemxctjz_952374,IP Address,Desktop,31,100,2026-08-03,2026-08-03,Yes,45,67
Qcerlmtk_461732,IP Address,Mobile,5,100,2026-08-04,2026-08-04,Yes,51,27
Qrsibpgd_381952,IP Address,Desktop,34.5,100,2026-08-08,2026-08-08,Yes,34,25
Qjukyiof_165879,IP Address,Mobile,5,100,2026-08-24,2026-08-24,Yes,41,43
Qkxvosrb_792856,IP Address,Mobile,6,100,2026-08-27,2026-08-27,Yes,21,46
Qfrnjkda_813972,IP Address,Mobile,6,100,2026-08-22,2026-08-22,Yes,57,36
Qsynhedx_579624,IP Address,Mobile,5,100,2026-08-04,2026-08-04,No,30,36
Qrltdnfs_516284,IP Address,Mobile,6,100,2026-08-28,2026-08-28,Yes,40,32
Qruxwtlp_974861,IP Address,Mobile,5,100,2026-08-06,2026-08-06,Yes,76,69
Qovtzhpc_487365,IP Address,Mobile,16,100,2026-08-21,2026-08-21,Yes,61,22
Qvmtahpw_591768,IP Address,Mobile,7,100,2026-08-27,2026-08-27,Yes,73,52
Qajwsxuh_147596,IP Address,Mobile,16,100,2026-08-30,2026-08-30,Yes,63,58
Qmvtibrg_541963,IP Address,Mobile,5,100,2026-08-29,2026-08-29,Yes,64,69
Quvkmqsl_512693,IP Address,Desktop,16,100,2026-08-19,2026-08-19,Yes,27,14
Qcphfmvn_614592,IP Address,Desktop,35.5,100,2026-08-22,2026-08-22,No,46,29
Qwqkecvd_285361,IP Address,Mobile,16,100,2026-08-14,2026-08-14,Yes,29,33
Qxipnrju_491752,IP Address,Mobile,7,100,2026-08-05,2026-08-05,Yes,37,40
Qnafpsut_497382,IP Address,Mobile,15,100,2026-08-13,2026-08-13,Yes,22,17
Qvkhgrfp_842796,IP Address,Mobile,7,100,2026-08-08,2026-08-08,Yes,38,38
Qhqmdbjk_273658,IP Address,Mobile,5,100,2026-08-24,2026-08-24,No,42,62
Qgzypaxk_845623,IP Address,Mobile,6,100,2026-08-13,2026-08-13,Yes,67,35
Qxakrlwj_429815,IP Address,Mobile,6,100,2026-08-13,2026-08-13,Yes,59,59
Qqmwunrg_534871,IP Address,Mobile,5,100,2026-08-03,2026-08-03,Yes,81,55
Qeyakusm_493278,IP Address,Mobile,7,100,2026-08-19,2026-08-19,Yes,79,62
Qhybukaq_963215,IP Address,Mobile,15,100,2026-08-05,2026-08-05,No,69,59
Qsfpwcke_845721,IP Address,Mobile,6,100,2026-08-02,2026-08-02,No,28,12
Qhuwdtxn_352189,IP Address,Desktop,31,100,2026-08-30,2026-08-30,No,42,67
Qumgjotz_948326,IP Address,Mobile,6,100,2026-08-15,2026-08-15,Yes,60,7
Qkituphj_638192,IP Address,Mobile,5,100,2026-08-07,2026-08-07,Yes,43,26
Qudjlonf_815742,IP Address,Mobile,5,100,2026-08-07,2026-08-07,Yes,50,38
Qdskwtpr_583179,IP Address,Mobile,7,100,2026-08-09,2026-08-09,No,39,49
Qfnbyctz_568312,IP Address,Mobile,6,100,2026-08-15,2026-08-15,Yes,53,42
Qyacnudj_846729,IP Address,Desktop,16,100,2026-08-08,2026-08-08,No,40,36
Qzrobgte_174569,IP Address,Mobile,6,100,2026-08-16,2026-08-16,No,70,43
Qsnfpybv_961427,IP Address,Mobile,5,100,2026-08-27,2026-08-27,Yes,72,70
Qzcnlies_317596,IP Address,Mobile,16,100,2026-08-12,2026-08-12,Yes,78,90
Qrswelmo_258173,IP Address,Mobile,7,100,2026-08-19,2026-08-19,Yes,36,29
Qpcezvbo_249583,IP Address,Mobile,6,100,2026-08-07,2026-08-07,Yes,58,70
Qxbojrzg_429157,IP Address,Mobile,7,100,2026-08-04,2026-08-04,Yes,58,65
Qkhlvnbq_743596,IP Address,Desktop,34.5,100,2026-08-29,2026-08-29,Yes,61,74
Quzdvwke_875149,IP Address,Mobile,16,100,2026-08-05,2026-08-05,Yes,78,48
Qvncqueh_214356,IP Address,Mobile,5,100,2026-08-12,2026-08-12,Yes,79,44
Qemoxlgb_845619,IP Address,Desktop,34.5,100,2026-08-31,2026-08-31,Yes,47,23
Qxnlrdaf_823916,IP Address,Mobile,17,100,2026-08-05,2026-08-05,Yes,39,17
Qqoeiagj_738561,IP Address,Mobile,15,100,2026-08-19,2026-08-19,No,77,82
Qeligpkc_139658,IP Address,Mobile,16,100,2026-08-23,2026-08-23,Yes,27,30
Qkyiozdh_547238,IP Address,Mobile,16,100,2026-08-25,2026-08-25,Yes,53,32
Qkvjysxh_236157,IP Address,Desktop,16,100,2026-08-31,2026-08-31,Yes,21,36
Qcqxndoz_471568,IP Address,Mobile,5,100,2026-08-07,2026-08-07,Yes,75,54
Qutehfdc_864925,IP Address,Mobile,5,100,2026-08-22,2026-08-22,Yes,74,47
Qtpushwj_629785,IP Address,Desktop,28.8,100,2026-08-03,2026-08-03,Yes,71,28
Qzplcidb_935146,IP Address,Mobile,6,100,2026-08-12,2026-08-12,Yes,68,58
Qbiujfdh_641753,IP Address,Mobile,6,100,2026-08-17,2026-08-17,Yes,24,18
Qptwubvo_217859,IP Address,Desktop,35.5,100,2026-08-15,2026-08-15,Yes,79,44
Qdyvztpo_415263,IP Address,Mobile,6,100,2026-08-13,2026-08-13,Yes,43,76
Qmnfriaw_914658,IP Address,Mobile,7,100,2026-08-28,2026-08-28,Yes,25,10
Qfhliztp_693571,IP Address,Mobile,7,100,2026-08-25,2026-08-25,Yes,82,64
Qtdxhosn_145267,IP Address,Desktop,38.3,100,2026-08-16,2026-08-16,Yes,55,33
Qsglovht_827431,IP Address,Mobile,6,100,2026-08-12,2026-08-12,Yes,63,54
Qdhakfpv_463921,IP Address,Mobile,7,100,2026-08-13,2026-08-13,Yes,43,7
Qekvafht_976352,IP Address,Mobile,5,100,2026-08-19,2026-08-19,Yes,27,29
Qghqcway_198523,IP Address,Mobile,7,100,2026-08-31,2026-08-31,Yes,45,33
Qsnqbdik_412589,IP Address,Mobile,6,100,2026-08-05,2026-08-05,No,48,43
Qvpsafib_923841,IP Address,Desktop,28.8,100,2026-08-27,2026-08-27,Yes,22,22
Qjcbmitd_654923,IP Address,Mobile,6,100,2026-08-28,2026-08-28,Yes,25,35
Qbwuehko_289643,IP Address,Desktop,35.5,100,2026-08-23,2026-08-23,Yes,29,50
Qtvrzwpj_325167,IP Address,Mobile,15,100,2026-08-06,2026-08-06,No,62,56
Qiazqrsj_459183,IP Address,Mobile,5,100,2026-08-06,2026-08-06,No,78,48
Qaxwumhp_182763,IP Address,Mobile,6,100,2026-08-09,2026-08-09,Yes,62,2
Qloeizgw_356287,IP Address,Desktop,28.8,100,2026-08-29,2026-08-29,Yes,42,25
Qynhoqev_765839,IP Address,Mobile,7,100,2026-08-15,2026-08-15,Yes,44,54
Qcvabqnz_139572,IP Address,Mobile,6,100,2026-08-05,2026-08-05,Yes,48,41
Qdyknhqb_485691,IP Address,Mobile,7,100,2026-08-09,2026-08-09,No,29,23
Qsrdvhbw_647528,IP Address,Mobile,5,100,2026-08-20,2026-08-20,No,54,61
Qpkaeqrt_769135,IP Address,Desktop,31,100,2026-09-01,2026-09-01,Yes,59,21
Qnjietbs_912765,IP Address,Mobile,5,100,2026-08-14,2026-08-14,No,55,45
Quaxqhon_573612,IP Address,Desktop,38.3,100,2026-08-27,2026-08-27,Yes,58,36
Qhxyqcga_814529,IP Address,Mobile,7,100,2026-08-26,2026-08-26,No,45,35
Qwzeaxub_815674,IP Address,Mobile,5,100,2026-08-11,2026-08-11,Yes,45,14
Qxgrjfbo_276319,IP Address,Mobile,6,100,2026-08-12,2026-08-12,Yes,64,57
Qceqblyh_831726,IP Address,Desktop,28.8,100,2026-08-07,2026-08-07,Yes,27,10
Qfyklitd_246319,IP Address,Mobile,7,100,2026-08-10,2026-08-10,Yes,31,45
Qaybjqmd_524791,IP Address,Desktop,38.3,100,2026-08-09,2026-08-09,Yes,75,50
Qszqaigo_382195,IP Address,Mobile,7,100,2026-08-12,2026-08-12,Yes,32,34
Quswtenj_274196,IP Address,Mobile,16,100,2026-08-19,2026-08-19,Yes,43,55
Qrymoqlu_329481,IP Address,Mobile,17,100,2026-08-07,2026-08-07,No,41,35
Qrsfbzgw_231695,IP Address,Mobile,5,100,2026-08-26,2026-08-26,Yes,73,70
Qqtvzmsn_416528,IP Address,Mobile,5,100,2026-08-13,2026-08-13,No,62,40
Qufjditp_512789,IP Address,Mobile,7,100,2026-08-20,2026-08-20,Yes,76,37
Qfksrpzn_783652,IP Address,Mobile,15,100,2026-08-24,2026-08-24,No,32,20
Qriotbng_426597,IP Address,Mobile,5,100,2026-08-20,2026-08-20,Yes,57,44
Qpaevngj_973452,IP Address,Mobile,7,100,2026-08-10,2026-08-10,Yes,36,27
Qxcmebna_653847,IP Address,Mobile,5,100,2026-08-18,2026-08-18,Yes,28,32
Qgelvjud_273614,IP Address,Mobile,5,100,2026-08-23,2026-08-23,Yes,52,46
Qfiljwvm_645817,IP Address,Mobile,5,100,2026-08-25,2026-08-25,Yes,64,45
Qbfsdlen_817632,IP Address,Mobile,6,100,2026-08-19,2026-08-19,Yes,74,77
Qijeahwr_216853,IP Address,Mobile,15,100,2026-08-13,2026-08-13,No,47,25
Qhclndvi_786523,IP Address,Mobile,5,100,2026-08-16,2026-08-16,Yes,81,65
Qkudqrtg_392584,IP Address,Mobile,6,100,2026-08-19,2026-08-19,No,19,18
Qvlhfaib_748956,IP Address,Mobile,5,100,2026-08-21,2026-08-21,No,69,57
Qfpcnoxd_867952,IP Address,Desktop,28.8,100,2026-08-12,2026-08-12,Yes,42,37
Qplawmig_256973,IP Address,Mobile,5,100,2026-08-29,2026-08-29,Yes,21,26
Qrxzngth_485762,IP Address,Mobile,6,100,2026-08-29,2026-08-29,Yes,42,9
Qblfwvpn_381642,IP Address,Mobile,5,100,2026-08-31,2026-08-31,Yes,20,10
Qylekgpm_951823,IP Address,Mobile,6,100,2026-08-20,2026-08-20,No,65,51
Qenrjlvi_945618,IP Address,Mobile,7,100,2026-08-30,2026-08-30,No,31,32
Qvyceahf_294861,IP Address,Mobile,17,100,2026-08-13,2026-08-13,Yes,31,27
Qxyklmst_346982,IP Address,Mobile,6,100,2026-08-17,2026-08-17,Yes,41,26
Qfxybruq_273598,IP Address,Mobile,5,100,2026-08-26,2026-08-26,Yes,46,44
Qvjlguqh_921763,IP Address,Mobile,15,100,2026-08-24,2026-08-24,Yes,76,53
Qeyshngu_791248,IP Address,Mobile,16,100,2026-08-27,2026-08-27,No,78,51
Qwmbfrgn_317426,IP Address,Desktop,15,100,2026-08-26,2026-08-26,Yes,42,40
Qqdobvhc_451723,IP Address,Desktop,34.5,100,2026-08-22,2026-08-22,Yes,72,74
Qyqcxzup_783564,IP Address,Desktop,31,100,2026-08-13,2026-08-13,Yes,57,27
Qtdyvhln_132654,IP Address,Mobile,6,100,2026-08-30,2026-08-30,No,56,52
Qkunpbmj_745832,IP Address,Mobile,7,100,2026-08-28,2026-08-28,Yes,24,19
Qnhjzsmd_381974,IP Address,Desktop,16,100,2026-08-05,2026-08-05,Yes,24,12
Qvhmnafu_739615,IP Address,Mobile,7,100,2026-08-09,2026-08-09,Yes,28,26
Qxnhjqku_198435,IP Address,Mobile,6,100,2026-08-01,2026-08-01,Yes,61,43
Qgycpmed_812439,IP Address,Mobile,17,100,2026-08-01,2026-08-01,Yes,20,39
Qodprvab_295634,IP Address,Desktop,35.5,100,2026-08-18,2026-08-18,Yes,78,49
Qtywhszc_896347,IP Address,Desktop,31,100,2026-09-01,2026-09-01,Yes,61,40
Qnjamyhp_248957,IP Address,Desktop,28.8,100,2026-08-23,2026-08-23,Yes,58,34
Qsehwblo_786421,IP Address,Desktop,34.5,100,2026-08-20,2026-08-20,Yes,27,12
Qzdrcota_372158,IP Address,Mobile,6,100,2026-08-22,2026-08-22,Yes,44,26
Qisbzhen_364529,IP Address,Desktop,28.8,100,2026-08-13,2026-08-13,No,62,54
Qriydcub_123497,IP Address,Desktop,14,100,2026-08-03,2026-08-03,No,76,43
Qrzwthvc_624583,IP Address,Mobile,16,100,2026-08-14,2026-08-14,Yes,26,37
Qowkdngx_438291,IP Address,Mobile,16,100,2026-08-12,2026-08-12,Yes,19,31
Qigclmst_621584,IP Address,Mobile,5,100,2026-08-05,2026-08-05,Yes,63,48
Qgdxjtsz_531279,IP Address,Mobile,5,100,2026-08-14,2026-08-14,Yes,59,33
Qnecxisb_542891,IP Address,Mobile,5,100,2026-08-20,2026-08-20,Yes,69,54
Qgczkmbq_342187,IP Address,Mobile,5,100,2026-08-18,2026-08-18,Yes,34,26
Qxbposdw_245978,IP Address,Mobile,6,100,2026-08-29,2026-08-29,Yes,33,27
Qlwojqmg_489165,IP Address,Mobile,7,100,2026-09-01,2026-09-01,No,22,39
Qloezrmu_521987,IP Address,Mobile,6,100,2026-08-27,2026-08-27,Yes,43,2
Qbswaufq_316875,IP Address,Mobile,5,100,2026-08-26,2026-08-26,Yes,57,24
Qgzadoru_543926,IP Address,Mobile,15,100,2026-08-26,2026-08-26,Yes,73,56
Qtluoqaj_795631,IP Address,Mobile,5,100,2026-08-15,2026-08-15,Yes,24,16
Qfsrnhmu_348157,IP Address,Mobile,6,100,2026-08-20,2026-08-20,Yes,69,67
Qgcqejyl_849267,IP Address,Mobile,5,100,2026-08-08,2026-08-08,Yes,27,41
Qjbmkdga_183596,IP Address,Desktop,31,100,2026-08-04,2026-08-04,Yes,67,35
Qnitzqag_289314,IP Address,Mobile,5,100,2026-08-28,2026-08-28,Yes,75,68
Qvsuleyp_154678,IP Address,Desktop,38.3,100,2026-08-12,2026-08-12,Yes,19,40
Qlqfscnv_281749,IP Address,Mobile,6,100,2026-08-23,2026-08-23,No,74,46
Qmlascjg_862734,IP Address,Mobile,7,100,2026-08-16,2026-08-16,Yes,56,18
Qxgsujov_378456,IP Address,Mobile,6,100,2026-08-16,2026-08-16,No,46,17
Qmtbrqyg_789364,IP Address,Mobile,7,100,2026-08-08,2026-08-08,Yes,41,34
Qnfkgjhe_987621,IP Address,Mobile,15,100,2026-08-29,2026-08-29,Yes,20,36
Qsrlmvtu_935126,IP Address,Desktop,15,100,2026-08-12,2026-08-12,Yes,21,-3
Qzndtelh_476139,IP Address,Mobile,6,100,2026-08-31,2026-08-31,Yes,37,31
Qrncstgd_514279,IP Address,Desktop,34.5,100,2026-08-18,2026-08-18,Yes,27,22
Qkuwpyaq_235978,IP Address,Desktop,34.5,100,2026-08-20,2026-08-20,Yes,33,40
Quteiryn_215674,IP Address,Mobile,7,100,2026-08-22,2026-08-22,Yes,19,31
Qpugxkbm_598321,IP Address,Desktop,31,100,2026-08-16,2026-08-16,Yes,37,45
Qkxwvbsl_947318,IP Address,Mobile,6,100,2026-08-14,2026-08-14,Yes,55,28
Qnjfdbhz_231684,IP Address,Mobile,15,100,2026-08-02,2026-08-02,Yes,34,31
Qowipjme_514283,IP Address,Mobile,7,100,2026-08-26,2026-08-26,Yes,56,43
Qxyewthz_531487,IP Address,Mobile,6,100,2026-08-18,2026-08-18,Yes,73,51
Qihvlrey_197648,IP Address,Desktop,34.5,100,2026-08-02,2026-08-02,No,27,29
Qniayzot_793842,IP Address,Mobile,5,100,2026-09-01,2026-09-01,Yes,45,39
Qnqpfilj_816927,IP Address,Mobile,5,100,2026-08-22,2026-08-22,Yes,66,23
Qvaqsrcm_568197,IP Address,Mobile,5,100,2026-08-26,2026-08-26,Yes,51,38
Qisnhvpx_276439,IP Address,Mobile,6,100,2026-08-16,2026-08-16,No,26,13
Quiamxgs_913285,IP Address,Desktop,34.5,100,2026-08-02,2026-08-02,Yes,79,56
Qmhfnbej_372156,IP Address,Desktop,14,100,2026-08-24,2026-08-24,Yes,61,39
Qwjzqkmd_347856,IP Address,Mobile,5,100,2026-08-13,2026-08-13,Yes,23,44
Qzetafhm_936857,IP Address,Mobile,5,100,2026-08-25,2026-08-25,No,42,13
Qkmzgplu_871264,IP Address,Mobile,5,100,2026-08-23,2026-08-23,No,71,42
Qmowzkjb_286945,IP Address,Mobile,15,100,2026-08-18,2026-08-18,Yes,74,62
Qvopskqc_517364,IP Address,Mobile,6,100,2026-08-24,2026-08-24,Yes,36,27
Qeumhklj_167845,IP Address,Desktop,35.5,100,2026-08-30,2026-08-30,Yes,71,28
Qdygosck_913642,IP Address,Mobile,6,100,2026-08-16,2026-08-16,Yes,72,79
Qpbacwkf_835974,IP Address,Mobile,7,100,2026-08-18,2026-08-18,Yes,40,37
Qiawpmqk_754862,IP Address,Desktop,15,100,2026-08-17,2026-08-17,Yes,52,43
Qsdnrque_649172,IP Address,Mobile,5,100,2026-08-16,2026-08-16,Yes,29,33
Qhnveomq_561429,IP Address,Desktop,31,100,2026-08-23,2026-08-23,Yes,30,3
Qviabsdn_965437,IP Address,Mobile,7,100,2026-08-27,2026-08-27,Yes,63,76
Qrzwpulo_139684,IP Address,Mobile,5,100,2026-08-13,2026-08-13,Yes,46,47
Quovrmkz_854376,IP Address,Desktop,28.8,100,2026-08-15,2026-08-15,Yes,54,46
Qerjlqvw_568913,IP Address,Mobile,5,100,2026-08-06,2026-08-06,No,33,44
Qbehztgr_519674,IP Address,Mobile,16,100,2026-08-28,2026-08-28,Yes,70,59
Qlecbzjp_563427,IP Address,Mobile,17,100,2026-08-31,2026-08-31,Yes,70,49
Qtmjefwu_539746,IP Address,Mobile,16,100,2026-08-07,2026-08-07,No,50,42
Qjqhicyt_356742,IP Address,Desktop,28.8,100,2026-08-28,2026-08-28,Yes,55,16
Qhjelupo_634258,IP Address,Mobile,6,100,2026-08-25,2026-08-25,No,20,28
Qjoilfxv_431628,IP Address,Mobile,6,100,2026-08-21,2026-08-21,Yes,70,44
Qdygskub_367981,IP Address,Desktop,35.5,100,2026-08-17,2026-08-17,Yes,43,45
Qhnjdspa_793612,IP Address,Mobile,5,100,2026-08-11,2026-08-11,Yes,52,59
Qzfepiqt_726389,IP Address,Mobile,17,100,2026-08-22,2026-08-22,Yes,40,19
Qesnxrwc_682439,IP Address,Mobile,5,100,2026-08-08,2026-08-08,Yes,42,23
Quczxbsf_841732,IP Address,Mobile,5,100,2026-08-14,2026-08-14,No,79,82
Qjlxhfqr_274538,IP Address,Desktop,35.5,100,2026-08-31,2026-08-31,Yes,41,20
Qjtnkamr_291865,IP Address,Mobile,7,100,2026-08-23,2026-08-23,Yes,62,50
Qitsxgab_924781,IP Address,Mobile,7,100,2026-08-10,2026-08-10,Yes,23,20
Qigdcemx_769154,IP Address,Mobile,7,100,2026-08-23,2026-08-23,No,79,49
Qoxwvusd_867142,IP Address,Mobile,7,100,2026-08-05,2026-08-05,Yes,42,40
Qludkcvx_617583,IP Address,Mobile,7,100,2026-08-01,2026-08-01,Yes,59,36
Qgbsxneh_638254,IP Address,Mobile,5,100,2026-08-04,2026-08-04,No,45,40
Qnswqcef_376412,IP Address,Mobile,7,100,2026-09-01,2026-09-01,Yes,30,64
Qbwptqlm_745132,IP Address,Desktop,31,100,2026-08-09,2026-08-09,Yes,44,28
Qigmquov_473286,IP Address,Desktop,16,100,2026-08-24,2026-08-24,No,63,38
Qjchawvi_164927,IP Address,Mobile,7,100,2026-08-10,2026-08-10,No,77,28
Qvixjrmu_467913,IP Address,Mobile,7,100,2026-08-19,2026-08-19,Yes,63,39
Qdfwaycz_275618,IP Address,Mobile,6,100,2026-08-17,2026-08-17,No,62,55
Qlcextus_953781,IP Address,Mobile,5,100,2026-08-16,2026-08-16,Yes,34,34
Qxpdwzvk_798352,IP Address,Desktop,34.5,100,2026-08-23,2026-08-23,Yes,35,47
Qsgoyhcu_198253,IP Address,Mobile,15,100,2026-08-10,2026-08-10,Yes,24,42
Qjzcmohv_958437,IP Address,Desktop,16,100,2026-08-16,2026-08-16,No,29,3
Qeklvxop_796238,IP Address,Mobile,7,100,2026-08-13,2026-08-13,Yes,42,47
Qzsrqhgy_758493,IP Address,Mobile,7,100,2026-08-06,2026-08-06,No,65,66
Qvlzruyn_754238,IP Address,Desktop,28.8,100,2026-08-18,2026-08-18,Yes,36,37
Qirxpzvs_274159,IP Address,Mobile,6,100,2026-08-23,2026-08-23,Yes,55,47
Qxkjqdzp_874931,IP Address,Desktop,28.8,100,2026-08-04,2026-08-04,Yes,61,25
Qguymrxp_824173,IP Address,Mobile,17,100,2026-08-16,2026-08-16,Yes,81,36
Qiyqscxz_597413,IP Address,Mobile,16,100,2026-08-19,2026-08-19,Yes,18,50
Qdluebas_432571,IP Address,Mobile,6,100,2026-08-27,2026-08-27,Yes,21,17
Qgyolaxm_973451,IP Address,Mobile,7,100,2026-08-31,2026-08-31,Yes,72,57
Qaxshnuc_526148,IP Address,Mobile,7,100,2026-08-03,2026-08-03,Yes,68,34
Qhbpjedn_798123,IP Address,Mobile,5,100,2026-08-15,2026-08-15,No,34,40
Qpljihcy_613957,IP Address,Mobile,5,100,2026-08-16,2026-08-16,Yes,18,19
Qnzgwisq_279365,IP Address,Mobile,6,100,2026-08-10,2026-08-10,Yes,81,46
Qixdqgjl_852791,IP Address,Mobile,5,100,2026-08-07,2026-08-07,Yes,29,11
Qthleqgm_327156,IP Address,Mobile,15,100,2026-08-25,2026-08-25,Yes,49,24
Qfxbdqsg_436829,IP Address,Mobile,5,100,2026-08-14,2026-08-14,Yes,21,42
Qxbplvwc_612758,IP Address,Mobile,17,100,2026-08-23,2026-08-23,No,19,28
Qjumebqk_916453,IP Address,Mobile,15,100,2026-08-19,2026-08-19,No,78,84
Qlnsghzj_538462,IP Address,Mobile,5,100,2026-08-21,2026-08-21,Yes,48,44
Qtxiuwpr_712849,IP Address,Mobile,7,100,2026-08-15,2026-08-15,No,63,49
Qsdfbyie_274693,IP Address,Mobile,6,100,2026-08-13,2026-08-13,No,38,52
Qnydkjri_198546,IP Address,Mobile,5,100,2026-08-06,2026-08-06,Yes,37,31
Qqcxnazl_482537,IP Address,Mobile,17,100,2026-08-13,2026-08-13,Yes,26,48
Qcfjdvpt_986753,IP Address,Mobile,15,100,2026-09-01,2026-09-01,Yes,73,29
Qwcomjrx_273591,IP Address,Desktop,16,100,2026-08-22,2026-08-22,Yes,53,41
Qirznouq_652813,IP Address,Desktop,34.5,100,2026-08-26,2026-08-26,Yes,77,67
Qywfgtik_738645,IP Address,Desktop,28.8,100,2026-08-13,2026-08-13,No,61,38
Qirshcwn_186325,IP Address,Mobile,5,100,2026-08-27,2026-08-27,No,76,39
Qpjbnzhw_851472,IP Address,Desktop,34.5,100,2026-08-20,2026-08-20,Yes,46,39
Qiwvocxn_891523,IP Address,Mobile,7,100,2026-08-08,2026-08-08,Yes,58,38
Qicpgvxj_983156,IP Address,Desktop,16,100,2026-08-20,2026-08-20,Yes,78,45
Qdlgsrbz_169875,IP Address,Desktop,34.5,100,2026-08-31,2026-08-31,Yes,76,38
Qwdvpbio_394512,IP Address,Desktop,31,100,2026-08-27,2026-08-27,Yes,62,26
Qnsxojzm_735826,IP Address,Mobile,6,100,2026-08-11,2026-08-11,No,73,72
Qqkvdelc_765813,IP Address,Mobile,16,100,2026-08-27,2026-08-27,Yes,77,29
Qvzkcmhl_489137,IP Address,Mobile,7,100,2026-08-06,2026-08-06,Yes,61,42
Qxbclkjn_856934,IP Address,Mobile,6,100,2026-08-15,2026-08-15,No,78,56
Qytkirwm_412867,IP Address,Mobile,17,100,2026-08-14,2026-08-14,Yes,43,49
Qoxjwinb_632589,IP Address,Mobile,6,100,2026-08-04,2026-08-04,Yes,36,50
Qfvtqhwn_571382,IP Address,Mobile,6,100,2026-08-03,2026-08-03,Yes,30,49
Qzlrtkqa_523689,IP Address,Mobile,5,100,2026-08-19,2026-08-19,Yes,48,25
Qatjpsku_985217,IP Address,Mobile,6,100,2026-08-19,2026-08-19,Yes,64,51
Qudwtzho_942581,IP Address,Mobile,5,100,2026-08-28,2026-08-28,Yes,60,35
Qmvhlqai_145269,IP Address,Mobile,5,100,2026-08-28,2026-08-28,Yes,29,10
Qwmtozul_286359,IP Address,Mobile,6,100,2026-08-02,2026-08-02,Yes,19,15
Qliozfrh_942837,IP Address,Desktop,34.5,100,2026-08-30,2026-08-30,Yes,27,12
Qvgciyda_135876,IP Address,Mobile,7,100,2026-08-19,2026-08-19,Yes,19,32
Qascrbtx_397621,IP Address,Mobile,7,100,2026-08-29,2026-08-29,Yes,71,54
Qensbqwm_192753,IP Address,Mobile,6,100,2026-08-08,2026-08-08,No,55,19
Qxnoimtp_426837,IP Address,Mobile,5,100,2026-08-17,2026-08-17,Yes,53,24
Qfgxowqk_798461,IP Address,Mobile,17,100,2026-08-02,2026-08-02,Yes,79,66
Qbucjarf_654321,IP Address,Mobile,6,100,2026-08-22,2026-08-22,Yes,38,16
Qvcetpoh_386495,IP Address,Mobile,5,100,2026-08-12,2026-08-12,Yes,52,49
Qmnphwyr_438972,IP Address,Mobile,5,100,2026-08-11,2026-08-11,No,56,19
Qcymqinf_598126,IP Address,Mobile,6,100,2026-08-31,2026-08-31,Yes,37,29
Qjdvqkwb_394186,IP Address,Desktop,28.8,100,2026-08-03,2026-08-03,No,46,36
Qlgfkxod_148372,IP Address,Mobile,5,100,2026-08-20,2026-08-20,No,75,51
Qofzcsbu_432968,IP Address,Mobile,7,100,2026-08-16,2026-08-16,Yes,36,22
Qwfsgavu_916274,IP Address,Mobile,5,100,2026-08-05,2026-08-05,Yes,43,4
Qcinytox_382597,IP Address,Desktop,31,100,2026-08-02,2026-08-02,Yes,62,15
Qoqpuljk_419637,IP Address,Mobile,7,100,2026-08-25,2026-08-25,Yes,70,22
Qcmtldqx_368175,IP Address,Mobile,7,100,2026-08-23,2026-08-23,Yes,52,49
Qvqewsor_378495,IP Address,Mobile,7,100,2026-08-21,2026-08-21,Yes,47,35
Qxnaktfl_275483,IP Address,Mobile,6,100,2026-08-01,2026-08-01,No,37,15
Qvjpnfhz_638219,IP Address,Mobile,16,100,2026-08-06,2026-08-06,Yes,32,31
Qdjynxim_719435,IP Address,Mobile,15,100,2026-08-29,2026-08-29,No,25,28
Qmpvqzhg_469821,IP Address,Desktop,16,100,2026-08-16,2026-08-16,Yes,20,37
Qntgiqhp_269814,IP Address,Mobile,7,100,2026-08-30,2026-08-30,No,67,39
Qaxtlcqi_387215,IP Address,Mobile,6,100,2026-08-25,2026-08-25,No,28,19
Quhxwcry_426831,IP Address,Mobile,5,100,2026-08-22,2026-08-22,Yes,46,5
Qqtrcwis_647832,IP Address,Mobile,7,100,2026-08-23,2026-08-23,Yes,23,21
Qrpfzlec_528431,IP Address,Desktop,34.5,100,2026-08-10,2026-08-10,No,72,56
Qvzlojen_928471,IP Address,Mobile,15,100,2026-08-20,2026-08-20,Yes,66,56
Qgberanv_129745,IP Address,Mobile,6,100,2026-08-24,2026-08-24,Yes,33,31
Qtcnrhds_274851,IP Address,Mobile,5,100,2026-08-31,2026-08-31,Yes,52,39
Qakjfdlo_861793,IP Address,Mobile,5,100,2026-08-18,2026-08-18,Yes,56,53
Qzguaqhb_185294,IP Address,Mobile,5,100,2026-08-23,2026-08-23,Yes,79,51
Qevzihqx_854697,IP Address,Mobile,16,100,2026-08-14,2026-08-14,Yes,44,42
Qqdiwjng_872356,IP Address,Mobile,7,100,2026-08-20,2026-08-20,Yes,63,49
Qrtslbxm_249175,IP Address,Mobile,7,100,2026-08-28,2026-08-28,Yes,22,25
Qtqmpcgi_381297,IP Address,Mobile,7,100,2026-08-01,2026-08-01,Yes,46,30
Qpcdameq_796132,IP Address,Mobile,6,100,2026-08-17,2026-08-17,Yes,49,35
Qystxerc_359421,IP Address,Desktop,38.3,100,2026-08-25,2026-08-25,No,29,-3
Qxpyotcd_389271,IP Address,Mobile,16,100,2026-08-16,2026-08-16,No,65,43
Qtsjgael_376819,IP Address,Desktop,28.8,100,2026-08-23,2026-08-23,Yes,58,37
Qigemwur_849167,IP Address,Desktop,34.5,100,2026-08-29,2026-08-29,No,53,55
Qosyruxk_742516,IP Address,Mobile,6,100,2026-08-01,2026-08-01,No,65,39
Qpotxchw_298341,IP Address,Desktop,31,100,2026-08-23,2026-08-23,Yes,80,65
Qkciqnxz_916253,IP Address,Mobile,15,100,2026-08-03,2026-08-03,Yes,26,22
Qmpsyjvh_892674,IP Address,Mobile,16,100,2026-08-16,2026-08-16,Yes,74,31
Qudzmpjs_291437,IP Address,Mobile,6,100,2026-08-28,2026-08-28,Yes,70,61
Qinupgjc_612947,IP Address,Mobile,7,100,2026-08-14,2026-08-14,Yes,36,38
Qrutmfpo_672538,IP Address,Mobile,7,100,2026-08-27,2026-08-27,No,33,17
Qitmqhgn_846917,IP Address,Mobile,16,100,2026-08-04,2026-08-04,Yes,37,41
Qblurmit_634271,IP Address,Desktop,38.3,100,2026-08-16,2026-08-16,Yes,58,43
Qhcqptxn_237951,IP Address,Mobile,5,100,2026-08-26,2026-08-26,Yes,75,40
Qkyorwzv_391678,IP Address,Mobile,6,100,2026-08-22,2026-08-22,Yes,69,48
Qimjuzel_718465,IP Address,Mobile,7,100,2026-08-13,2026-08-13,Yes,27,19
Qyrphlio_936587,IP Address,Desktop,28.8,100,2026-08-28,2026-08-28,Yes,32,10
Qrlosamw_524381,IP Address,Mobile,5,100,2026-08-03,2026-08-03,Yes,22,22
Qmakjzfe_578196,IP Address,Mobile,6,100,2026-08-23,2026-08-23,Yes,79,49
Qohsgtzu_396758,IP Address,Mobile,7,100,2026-08-31,2026-08-31,Yes,24,26
Qyikodgh_395642,IP Address,Desktop,16,100,2026-08-21,2026-08-21,Yes,28,27
Qxsnvamz_432859,IP Address,Mobile,5,100,2026-08-28,2026-08-28,Yes,53,23
Qokdcnmz_135946,IP Address,Mobile,17,100,2026-08-06,2026-08-06,Yes,53,53
Qpibzngl_692514,IP Address,Mobile,16,100,2026-08-09,2026-08-09,Yes,25,41
Qzofiupr_561832,IP Address,Mobile,17,100,2026-08-03,2026-08-03,Yes,39,25
Qqesxkio_532946,IP Address,Mobile,6,100,2026-08-10,2026-08-10,Yes,33,9
Qbtygdmh_516278,IP Address,Desktop,28.8,100,2026-08-05,2026-08-05,No,44,20
Qarjtosl_819734,IP Address,Desktop,31,100,2026-08-12,2026-08-12,Yes,36,37
Qhgdzywk_538974,IP Address,Mobile,6,100,2026-08-10,2026-08-10,Yes,50,47
Qydafcgq_693128,IP Address,Mobile,5,100,2026-08-15,2026-08-15,No,24,21
Qarodqyj_139724,IP Address,Desktop,28.8,100,2026-08-07,2026-08-07,Yes,35,24
Qkovfszg_812369,IP Address,Mobile,6,100,2026-08-24,2026-08-24,Yes,62,27
Qmjeaqyu_275169,IP Address,Mobile,7,100,2026-08-04,2026-08-04,Yes,34,1
Qrtsenba_153478,IP Address,Mobile,17,100,2026-08-12,2026-08-12,Yes,65,48
Qlfwgpun_934867,IP Address,Mobile,6,100,2026-08-24,2026-08-24,Yes,54,56
Qvagtxwp_893576,IP Address,Desktop,28.8,100,2026-08-22,2026-08-22,Yes,41,37
Qcegrvlm_547198,IP Address,Mobile,5,100,2026-08-25,2026-08-25,Yes,33,36
Qcyoudts_284356,IP Address,Desktop,34.5,100,2026-08-31,2026-08-31,No,70,51
Qwczbfes_649837,IP Address,Mobile,17,100,2026-08-20,2026-08-20,Yes,41,32
Qrhpgqky_425986,IP Address,Mobile,5,100,2026-08-05,2026-08-05,No,70,55
Qlqdjehp_895462,IP Address,Mobile,6,100,2026-08-08,2026-08-08,Yes,35,17
Qznoxmgq_187932,IP Address,Mobile,16,100,2026-08-01,2026-08-01,Yes,74,60
Qbfcenyv_716832,IP Address,Mobile,16,100,2026-08-11,2026-08-11,Yes,26,37
Qgynbuie_243691,IP Address,Desktop,28.8,100,2026-08-25,2026-08-25,No,44,18
Qrlhbotx_793428,IP Address,Desktop,34.5,100,2026-08-20,2026-08-20,No,42,43
Qecdqljz_859426,IP Address,Mobile,6,100,2026-08-30,2026-08-30,Yes,48,32
Qebywvun_197238,IP Address,Mobile,6,100,2026-08-02,2026-08-02,Yes,18,40
Qvagdonk_284516,IP Address,Mobile,7,100,2026-08-18,2026-08-18,Yes,44,39
Qthsviez_471928,IP Address,Mobile,6,100,2026-08-29,2026-08-29,Yes,39,61
Qxgwcsij_174268,IP Address,Mobile,6,100,2026-08-30,2026-08-30,Yes,26,56
Qlyxacup_142975,IP Address,Mobile,15,100,2026-08-11,2026-08-11,No,43,43
Qwxzaihn_514682,IP Address,Mobile,17,100,2026-08-07,2026-08-07,Yes,26,44
Qhyrdxub_546298,IP Address,Desktop,16,100,2026-08-09,2026-08-09,No,74,42
Qbagmcdo_317548,IP Address,Mobile,5,100,2026-08-02,2026-08-02,Yes,60,25
Qaymzrso_342786,IP Address,Mobile,7,100,2026-08-02,2026-08-02,Yes,38,68
Qhwscuex_824157,IP Address,Desktop,14,100,2026-08-17,2026-08-17,Yes,82,48
Qvngdqwy_852167,IP Address,Desktop,28.8,100,2026-08-07,2026-08-07,No,79,50
Qbuyxqvs_893761,IP Address,Mobile,5,100,2026-08-30,2026-08-30,No,34,29
Qkdtovme_576423,IP Address,Mobile,5,100,2026-08-13,2026-08-13,Yes,66,33
Qmqodvnp_325784,IP Address,Mobile,6,100,2026-08-05,2026-08-05,Yes,41,32
Qbisdacg_589164,IP Address,Mobile,6,100,2026-08-23,2026-08-23,No,25,23
Qxhfjroe_526394,IP Address,Mobile,5,100,2026-08-20,2026-08-20,Yes,45,44
Quskqctz_538472,IP Address,Mobile,6,100,2026-08-13,2026-08-13,Yes,81,47
Qcmixsrw_182957,IP Address,Desktop,35.5,100,2026-08-01,2026-08-01,Yes,21,-1
Qozchdpt_975124,IP Address,Mobile,7,100,2026-08-13,2026-08-13,Yes,54,46
Qeputyhn_847259,IP Address,Mobile,6,100,2026-08-13,2026-08-13,No,34,59
Qrwjhmqu_438175,IP Address,Mobile,6,100,2026-08-04,2026-08-04,Yes,63,41
Qhdpivsn_254618,IP Address,Mobile,17,100,2026-08-23,2026-08-23,Yes,56,50
Qoifbkzw_691478,IP Address,Desktop,28.8,100,2026-08-13,2026-08-13,Yes,60,19
Qhamtzpv_897253,IP Address,Mobile,7,100,2026-08-12,2026-08-12,Yes,27,15
Qbtweyqc_259863,IP Address,Mobile,16,100,2026-08-07,2026-08-07,Yes,24,37
Qhmfgtbj_836124,IP Address,Mobile,15,100,2026-08-07,2026-08-07,Yes,53,67
Qdwtabsj_593628,IP Address,Mobile,6,100,2026-08-01,2026-08-01,Yes,49,26
Qbiqursv_873251,IP Address,Mobile,5,100,2026-08-29,2026-08-29,Yes,47,23
Qlyvpxet_125478,IP Address,Mobile,5,100,2026-08-12,2026-08-12,No,78,67
Quhlxosn_726591,IP Address,Mobile,7,100,2026-08-06,2026-08-06,No,68,48
Qbxsijdk_769842,IP Address,Mobile,17,100,2026-08-06,2026-08-06,No,79,58
Qmabztol_368594,IP Address,Desktop,16,100,2026-08-15,2026-08-15,Yes,62,38
Qyhavndb_853761,IP Address,Mobile,16,100,2026-08-27,2026-08-27,Yes,65,58
Qfyhtauz_126593,IP Address,Desktop,35.5,100,2026-08-05,2026-08-05,Yes,72,62
Qujinoct_231957,IP Address,Desktop,34.5,100,2026-08-24,2026-08-24,Yes,36,13
Qglkdict_836742,IP Address,Mobile,5,100,2026-08-25,2026-08-25,Yes,41,57
Qzcmkslw_581367,IP Address,Mobile,5,100,2026-08-23,2026-08-23,No,26,29
Qtadqpfi_897142,IP Address,Mobile,16,100,2026-08-16,2026-08-16,Yes,52,41
Qfcwgbil_638541,IP Address,Mobile,5,100,2026-08-10,2026-08-10,Yes,27,44
Qhbtvosd_324965,IP Address,Mobile,5,100,2026-08-05,2026-08-05,No,27,7
Qxcjazru_745629,IP Address,Mobile,7,100,2026-08-14,2026-08-14,No,69,46
Qbkgxmar_382764,IP Address,Desktop,16,100,2026-08-23,2026-08-23,No,60,61
Qmcvobti_821653,IP Address,Desktop,28.8,100,2026-08-26,2026-08-26,Yes,30,42
Qvtrlgnq_724816,IP Address,Mobile,5,100,2026-08-25,2026-08-25,Yes,48,54
Qicjzhal_843652,IP Address,Mobile,6,100,2026-08-16,2026-08-16,Yes,20,21
Qixcfgat_679183,IP Address,Mobile,5,100,2026-08-24,2026-08-24,Yes,69,74
Qpatwzle_279316,IP Address,Mobile,7,100,2026-08-06,2026-08-06,Yes,35,24
Qorywjki_479831,IP Address,Desktop,28.8,100,2026-08-06,2026-08-06,No,63,29
Qaemjycf_362748,IP Address,Mobile,7,100,2026-08-31,2026-08-31,Yes,27,12
Qhpmjtiw_541372,IP Address,Mobile,5,100,2026-08-20,2026-08-20,No,43,45
Qnmsjrqo_198364,IP Address,Mobile,7,100,2026-08-12,2026-08-12,Yes,53,33
Qtvwcmex_541837,IP Address,Desktop,31,100,2026-08-01,2026-08-01,No,22,55
Qarjsqvi_265397,IP Address,Desktop,16,100,2026-08-25,2026-08-25,Yes,49,40
Qdgfupht_547329,IP Address,Mobile,15,100,2026-08-25,2026-08-25,Yes,24,25
Qxzfmhyl_243681,IP Address,Mobile,7,100,2026-08-04,2026-08-04,Yes,42,40
Qvpulqsx_539482,IP Address,Desktop,31,100,2026-08-27,2026-08-27,Yes,28,30
Qhzwrxlo_378169,IP Address,Desktop,16,100,2026-08-24,2026-08-24,Yes,53,50
Qiwntlqk_194782,IP Address,Mobile,17,100,2026-08-04,2026-08-04,No,42,56
Qgztvqjw_853629,IP Address,Mobile,7,100,2026-08-14,2026-08-14,Yes,63,45
Qpfzahtb_953768,IP Address,Desktop,31,100,2026-08-26,2026-08-26,Yes,43,52
Qrfyeutx_295867,IP Address,Mobile,17,100,2026-08-26,2026-08-26,No,52,60
Qmgstunf_493786,IP Address,Desktop,34.5,100,2026-08-14,2026-08-14,Yes,42,31
Qibdgtla_143579,IP Address,Mobile,5,100,2026-08-01,2026-08-01,Yes,62,58
Qcesylzt_846513,IP Address,Mobile,5,100,2026-08-06,2026-08-06,No,53,41
Qkxyubwf_986472,IP Address,Mobile,16,100,2026-08-08,2026-08-08,Yes,68,46
Qbgcjomq_386247,IP Address,Mobile,6,100,2026-08-01,2026-08-01,Yes,70,48
Qgowntka_279436,IP Address,Mobile,6,100,2026-08-09,2026-08-09,Yes,68,48
Qurovzxs_574398,IP Address,Desktop,14,100,2026-08-18,2026-08-18,Yes,40,42
Qztwqbhx_932657,IP Address,Mobile,15,100,2026-08-29,2026-08-29,No,59,37
Qlzoempw_321589,IP Address,Mobile,7,100,2026-08-24,2026-08-24,Yes,46,46
Qowyzuni_268459,IP Address,Desktop,16,100,2026-08-30,2026-08-30,Yes,37,32
Qzfoikat_954267,IP Address,Mobile,15,100,2026-08-06,2026-08-06,Yes,58,31
Qloucdrt_162578,IP Address,Mobile,6,100,2026-08-14,2026-08-14,No,20,15
Qlmozkwp_867143,IP Address,Mobile,7,100,2026-08-14,2026-08-14,Yes,75,68
Qknlmcwp_138249,IP Address,Desktop,28.8,100,2026-08-05,2026-08-05,Yes,33,21
Qnyhivof_912573,IP Address,Mobile,6,100,2026-08-14,2026-08-14,Yes,45,22
Qwlcdiyt_458162,IP Address,Mobile,7,100,2026-09-01,2026-09-01,Yes,24,30
Qjcflumq_578194,IP Address,Desktop,34.5,100,2026-08-28,2026-08-28,Yes,59,39
Qzsdvgno_871246,IP Address,Mobile,7,100,2026-08-08,2026-08-08,Yes,72,54
Qnetkayz_457286,IP Address,Desktop,31,100,2026-08-28,2026-08-28,Yes,27,12
Qchkuxda_261458,IP Address,Mobile,5,100,2026-08-06,2026-08-06,Yes,60,44
Qmvkszoy_738124,IP Address,Mobile,7,100,2026-08-02,2026-08-02,Yes,81,52
Qbqwraim_178259,IP Address,Mobile,6,100,2026-08-26,2026-08-26,Yes,33,51
Qoadtmbp_351469,IP Address,Mobile,5,100,2026-08-13,2026-08-13,No,54,63
Qnquszmd_142369,IP Address,Mobile,15,100,2026-08-14,2026-08-14,Yes,72,78
Qhglwdru_783912,IP Address,Desktop,14,100,2026-08-11,2026-08-11,Yes,32,23
Qzlskcoa_694715,IP Address,Mobile,6,100,2026-08-10,2026-08-10,Yes,48,48
Qjprymud_918543,IP Address,Mobile,15,100,2026-08-22,2026-08-22,Yes,37,38
Qbguetdm_826931,IP Address,Mobile,6,100,2026-08-19,2026-08-19,Yes,39,16
Qbiecqwh_716258,IP Address,Mobile,7,100,2026-08-15,2026-08-15,Yes,81,62
Qxucfwha_846752,IP Address,Mobile,5,100,2026-08-09,2026-08-09,No,82,58
Qduxfzqy_783459,IP Address,Mobile,5,100,2026-08-12,2026-08-12,Yes,52,41
Qqhgcfua_864315,IP Address,Mobile,17,100,2026-08-11,2026-08-11,Yes,76,44
Qjqrsiyn_572864,IP Address,Mobile,6,100,2026-08-13,2026-08-13,Yes,43,49
Qnblzxjt_235167,IP Address,Mobile,5,100,2026-08-11,2026-08-11,Yes,27,23
Qnvdouyf_691375,IP Address,Mobile,5,100,2026-08-28,2026-08-28,Yes,20,29
Qyncvgiq_428315,IP Address,Desktop,14,100,2026-09-01,2026-09-01,Yes,59,55
Qyoaxdki_416825,IP Address,Desktop,34.5,100,2026-08-04,2026-08-04,Yes,24,21
Qxfrkuwd_864597,IP Address,Mobile,6,100,2026-08-26,2026-08-26,Yes,76,43
Qsdupfmg_937845,IP Address,Mobile,5,100,2026-08-06,2026-08-06,Yes,54,50
Qdgyruat_963145,IP Address,Mobile,16,100,2026-08-22,2026-08-22,Yes,59,43
Qumajodr_781654,IP Address,Mobile,5,100,2026-08-06,2026-08-06,Yes,38,64
Qfsbuawg_572689,IP Address,Mobile,5,100,2026-08-23,2026-08-23,Yes,53,15
Qiycsotx_326451,IP Address,Mobile,5,100,2026-08-05,2026-08-05,Yes,75,26
Qazfugih_361957,IP Address,Mobile,7,100,2026-08-16,2026-08-16,Yes,53,32
Qyhkzjlm_729834,IP Address,Desktop,31,100,2026-08-05,2026-08-05,Yes,34,24
